province,province_code,region,population,date,cases,deaths,recovered,tested
Ontario,ON,Central,13448494,2020-01-31,3,0,0,0
British Columbia,BC,West Coast,4648055,2020-01-31,1,0,0,0
Ontario,ON,Central,13448494,2020-02-08,0,0,0,0
British Columbia,BC,West Coast,4648055,2020-02-08,3,0,0,0
Ontario,ON,Central,13448494,2020-02-16,0,0,0,0
British Columbia,BC,West Coast,4648055,2020-02-16,1,0,0,0
Ontario,ON,Central,13448494,2020-02-21,0,0,0,0
British Columbia,BC,West Coast,4648055,2020-02-21,1,0,0,0
Ontario,ON,Central,13448494,2020-02-24,1,0,0,0
British Columbia,BC,West Coast,4648055,2020-02-24,0,0,0,0
Ontario,ON,Central,13448494,2020-02-25,0,0,0,0
British Columbia,BC,West Coast,4648055,2020-02-25,1,0,0,0
Ontario,ON,Central,13448494,2020-02-26,1,0,0,0
British Columbia,BC,West Coast,4648055,2020-02-26,0,0,0,0
Ontario,ON,Central,13448494,2020-02-27,1,0,0,0
British Columbia,BC,West Coast,4648055,2020-02-27,0,0,0,0
Ontario,ON,Central,13448494,2020-02-29,2,0,0,0
British Columbia,BC,West Coast,4648055,2020-02-29,0,0,0,0
Ontario,ON,Central,13448494,2020-03-01,7,0,0,0
British Columbia,BC,West Coast,4648055,2020-03-01,1,0,0,0
Quebec,QC,Central,8164361,2020-03-01,1,0,0,0
Ontario,ON,Central,13448494,2020-03-03,5,0,0,0
British Columbia,BC,West Coast,4648055,2020-03-03,4,0,0,0
Quebec,QC,Central,8164361,2020-03-03,0,0,0,0
Ontario,ON,Central,13448494,2020-03-05,2,0,0,0
British Columbia,BC,West Coast,4648055,2020-03-05,9,0,0,0
Quebec,QC,Central,8164361,2020-03-05,1,0,0,0
Ontario,ON,Central,13448494,2020-03-06,6,0,0,0
British Columbia,BC,West Coast,4648055,2020-03-06,0,0,0,0
Quebec,QC,Central,8164361,2020-03-06,0,0,0,0
Ontario,ON,Central,13448494,2020-03-07,0,0,0,0
British Columbia,BC,West Coast,4648055,2020-03-07,6,0,0,0
Quebec,QC,Central,8164361,2020-03-07,0,0,0,0
Ontario,ON,Central,13448494,2020-03-08,3,0,0,0
British Columbia,BC,West Coast,4648055,2020-03-08,0,1,0,0
Quebec,QC,Central,8164361,2020-03-08,1,0,0,0
Alberta,AB,Prairies,4067175,2020-03-08,1,0,0,0
Ontario,ON,Central,13448494,2020-03-09,3,0,0,0
British Columbia,BC,West Coast,4648055,2020-03-09,5,0,0,0
Quebec,QC,Central,8164361,2020-03-09,1,0,0,0
Alberta,AB,Prairies,4067175,2020-03-09,6,0,0,0
British Columbia,BC,West Coast,4648055,2020-03-11,0,0,0,4373
Alberta,AB,Prairies,4067175,2020-03-11,0,0,0,1969
Saskatchewan,SK,Prairies,1098352,2020-03-11,0,0,0,204
Manitoba,MB,Prairies,1278365,2020-03-11,0,0,0,352
Ontario,ON,Central,13448494,2020-03-11,8,1,0,3394
Quebec,QC,Central,8164361,2020-03-11,3,0,0,556
New Brunswick,NB,Atlantic,747101,2020-03-11,0,0,0,22
Newfoundland and Labrador,NL,Atlantic,519716,2020-03-11,0,0,0,44
Nova Scotia,NS,Atlantic,923598,2020-03-11,0,0,0,103
Prince Edward Island,PE,Atlantic,142907,2020-03-11,0,0,0,6
Northwest Territories,NT,North,41786,2020-03-11,0,0,0,0
Nunavut,NU,North,35944,2020-03-11,0,0,0,0
Yukon,YT,North,35874,2020-03-11,0,0,0,0
British Columbia,BC,West Coast,4648055,2020-03-12,7,0,0,822
Alberta,AB,Prairies,4067175,2020-03-12,5,0,0,2140
Saskatchewan,SK,Prairies,1098352,2020-03-12,1,0,0,81
Manitoba,MB,Prairies,1278365,2020-03-12,1,0,0,0
Ontario,ON,Central,13448494,2020-03-12,17,0,0,791
Quebec,QC,Central,8164361,2020-03-12,6,0,0,184
Newfoundland and Labrador,NL,Atlantic,519716,2020-03-12,0,0,0,30
New Brunswick,NB,Atlantic,747101,2020-03-12,1,0,0,0
Nova Scotia,NS,Atlantic,923598,2020-03-12,0,0,0,79
Prince Edward Island,PE,Atlantic,142907,2020-03-12,0,0,0,0
Yukon,YT,North,35874,2020-03-12,0,0,0,0
Northwest Territories,NT,North,41786,2020-03-12,0,0,0,34
Nunavut,NU,North,35944,2020-03-12,0,0,0,1
British Columbia,BC,West Coast,4648055,2020-03-13,7,0,0,0
Alberta,AB,Prairies,4067175,2020-03-13,4,0,0,0
Saskatchewan,SK,Prairies,1098352,2020-03-13,0,0,0,0
Manitoba,MB,Prairies,1278365,2020-03-13,2,0,0,0
Ontario,ON,Central,13448494,2020-03-13,20,0,0,0
Quebec,QC,Central,8164361,2020-03-13,4,0,0,0
Newfoundland and Labrador,NL,Atlantic,519716,2020-03-13,0,0,0,0
New Brunswick,NB,Atlantic,747101,2020-03-13,0,0,0,0
Nova Scotia,NS,Atlantic,923598,2020-03-13,0,0,0,0
Prince Edward Island,PE,Atlantic,142907,2020-03-13,0,0,0,0
Yukon,YT,North,35874,2020-03-13,0,0,0,0
Northwest Territories,NT,North,41786,2020-03-13,0,0,0,0
Nunavut,NU,North,35944,2020-03-13,0,0,0,0
British Columbia,BC,West Coast,4648055,2020-03-14,11,0,0,1838
Alberta,AB,Prairies,4067175,2020-03-14,6,0,0,1138
Saskatchewan,SK,Prairies,1098352,2020-03-14,1,0,0,64
Manitoba,MB,Prairies,1278365,2020-03-14,1,0,0,485
Ontario,ON,Central,13448494,2020-03-14,0,0,0,2461
Quebec,QC,Central,8164361,2020-03-14,0,0,0,844
Newfoundland and Labrador,NL,Atlantic,519716,2020-03-14,0,0,0,10
New Brunswick,NB,Atlantic,747101,2020-03-14,1,0,0,38
Nova Scotia,NS,Atlantic,923598,2020-03-14,0,0,0,299
Prince Edward Island,PE,Atlantic,142907,2020-03-14,0,0,0,0
Yukon,YT,North,35874,2020-03-14,0,0,0,0
Northwest Territories,NT,North,41786,2020-03-14,0,0,0,42
Nunavut,NU,North,35944,2020-03-14,0,0,0,5
British Columbia,BC,West Coast,4648055,2020-03-15,9,0,0,0
Alberta,AB,Prairies,4067175,2020-03-15,10,0,0,0
Saskatchewan,SK,Prairies,1098352,2020-03-15,0,0,0,0
Manitoba,MB,Prairies,1278365,2020-03-15,0,0,0,0
Ontario,ON,Central,13448494,2020-03-15,24,0,0,1815
Quebec,QC,Central,8164361,2020-03-15,7,0,0,753
Newfoundland and Labrador,NL,Atlantic,519716,2020-03-15,1,0,0,0
New Brunswick,NB,Atlantic,747101,2020-03-15,0,0,0,0
Nova Scotia,NS,Atlantic,923598,2020-03-15,0,0,0,0
Prince Edward Island,PE,Atlantic,142907,2020-03-15,1,0,0,0
Yukon,YT,North,35874,2020-03-15,0,0,0,0
Northwest Territories,NT,North,41786,2020-03-15,0,0,0,0
Nunavut,NU,North,35944,2020-03-15,0,0,0,0
British Columbia,BC,West Coast,4648055,2020-03-16,0,3,0,2893
Alberta,AB,Prairies,4067175,2020-03-16,17,0,0,4991
Saskatchewan,SK,Prairies,1098352,2020-03-16,4,0,0,532
Manitoba,MB,Prairies,1278365,2020-03-16,3,0,0,1011
Ontario,ON,Central,13448494,2020-03-16,42,0,0,1717
Quebec,QC,Central,8164361,2020-03-16,15,0,0,792
Newfoundland and Labrador,NL,Atlantic,519716,2020-03-16,0,0,0,99
New Brunswick,NB,Atlantic,747101,2020-03-16,4,0,0,61
Nova Scotia,NS,Atlantic,923598,2020-03-16,3,0,0,594
Prince Edward Island,PE,Atlantic,142907,2020-03-16,0,0,0,0
Yukon,YT,North,35874,2020-03-16,0,0,0,0
Northwest Territories,NT,North,41786,2020-03-16,0,0,0,62
Nunavut,NU,North,35944,2020-03-16,0,0,0,1
British Columbia,BC,West Coast,4648055,2020-03-17,30,3,0,1686
Alberta,AB,Prairies,4067175,2020-03-17,18,0,0,1249
Saskatchewan,SK,Prairies,1098352,2020-03-17,1,0,0,185
Manitoba,MB,Prairies,1278365,2020-03-17,0,0,0,368
Ontario,ON,Central,13448494,2020-03-17,32,0,0,989
Quebec,QC,Central,8164361,2020-03-17,11,0,0,1741
Newfoundland and Labrador,NL,Atlantic,519716,2020-03-17,0,0,0,0
New Brunswick,NB,Atlantic,747101,2020-03-17,1,0,0,152
Nova Scotia,NS,Atlantic,923598,2020-03-17,2,0,0,0
Prince Edward Island,PE,Atlantic,142907,2020-03-17,0,0,0,69
Yukon,YT,North,35874,2020-03-17,0,0,0,0
Northwest Territories,NT,North,41786,2020-03-17,0,0,0,7
Nunavut,NU,North,35944,2020-03-17,0,0,0,0
British Columbia,BC,West Coast,4648055,2020-03-18,83,0,0,1776
Alberta,AB,Prairies,4067175,2020-03-18,23,0,0,2199
Saskatchewan,SK,Prairies,1098352,2020-03-18,1,0,0,844
Manitoba,MB,Prairies,1278365,2020-03-18,8,0,0,523
Ontario,ON,Central,13448494,2020-03-18,12,0,0,2702
Quebec,QC,Central,8164361,2020-03-18,24,1,0,1010
Newfoundland and Labrador,NL,Atlantic,519716,2020-03-18,2,0,0,0
New Brunswick,NB,Atlantic,747101,2020-03-18,1,0,0,113
Nova Scotia,NS,Atlantic,923598,2020-03-18,2,0,0,203
Prince Edward Island,PE,Atlantic,142907,2020-03-18,0,0,0,0
Yukon,YT,North,35874,2020-03-18,0,0,0,0
Northwest Territories,NT,North,41786,2020-03-18,0,0,0,0
Nunavut,NU,North,35944,2020-03-18,0,0,0,0
British Columbia,BC,West Coast,4648055,2020-03-19,85,1,0,2994
Alberta,AB,Prairies,4067175,2020-03-19,49,1,0,2821
Saskatchewan,SK,Prairies,1098352,2020-03-19,12,0,0,0
Manitoba,MB,Prairies,1278365,2020-03-19,2,0,0,450
Ontario,ON,Central,13448494,2020-03-19,69,1,0,4619
Quebec,QC,Central,8164361,2020-03-19,47,0,0,877
Newfoundland and Labrador,NL,Atlantic,519716,2020-03-19,0,0,0,106
New Brunswick,NB,Atlantic,747101,2020-03-19,3,0,0,119
Nova Scotia,NS,Atlantic,923598,2020-03-19,7,0,0,242
Prince Edward Island,PE,Atlantic,142907,2020-03-19,1,0,0,0
Yukon,YT,North,35874,2020-03-19,0,0,0,0
Northwest Territories,NT,North,41786,2020-03-19,0,0,0,76
Nunavut,NU,North,35944,2020-03-19,0,0,0,1
British Columbia,BC,West Coast,4648055,2020-03-20,0,1,0,2410
Alberta,AB,Prairies,4067175,2020-03-20,49,0,0,3275
Saskatchewan,SK,Prairies,1098352,2020-03-20,6,0,0,0
Manitoba,MB,Prairies,1278365,2020-03-20,0,0,0,178
Ontario,ON,Central,13448494,2020-03-20,53,0,0,3011
Quebec,QC,Central,8164361,2020-03-20,18,0,0,1782
Newfoundland and Labrador,NL,Atlantic,519716,2020-03-20,1,0,0,20
New Brunswick,NB,Atlantic,747101,2020-03-20,0,0,0,113
Nova Scotia,NS,Atlantic,923598,2020-03-20,1,0,0,127
Prince Edward Island,PE,Atlantic,142907,2020-03-20,0,0,0,0
Yukon,YT,North,35874,2020-03-20,0,0,0,0
Northwest Territories,NT,North,41786,2020-03-20,0,0,0,47
Nunavut,NU,North,35944,2020-03-20,0,0,0,0
British Columbia,BC,West Coast,4648055,2020-03-21,153,1,0,1625
Alberta,AB,Prairies,4067175,2020-03-21,31,0,0,3278
Saskatchewan,SK,Prairies,1098352,2020-03-21,18,0,0,1897
Manitoba,MB,Prairies,1278365,2020-03-21,2,0,0,301
Ontario,ON,Central,13448494,2020-03-21,66,1,0,3971
Quebec,QC,Central,8164361,2020-03-21,82,3,0,0
Newfoundland and Labrador,NL,Atlantic,519716,2020-03-21,2,0,0,12
New Brunswick,NB,Atlantic,747101,2020-03-21,6,0,0,225
Nova Scotia,NS,Atlantic,923598,2020-03-21,6,0,0,309
Prince Edward Island,PE,Atlantic,142907,2020-03-21,0,0,0,0
Yukon,YT,North,35874,2020-03-21,0,0,0,416
Northwest Territories,NT,North,41786,2020-03-21,1,0,0,33
Nunavut,NU,North,35944,2020-03-21,0,0,0,2
British Columbia,BC,West Coast,4648055,2020-03-22,0,0,0,1718
Alberta,AB,Prairies,4067175,2020-03-22,33,0,0,3939
Saskatchewan,SK,Prairies,1098352,2020-03-22,8,0,0,600
Manitoba,MB,Prairies,1278365,2020-03-22,0,0,0,268
Ontario,ON,Central,13448494,2020-03-22,48,2,0,3100
Quebec,QC,Central,8164361,2020-03-22,0,0,0,0
Newfoundland and Labrador,NL,Atlantic,519716,2020-03-22,3,0,0,0
New Brunswick,NB,Atlantic,747101,2020-03-22,0,0,0,59
Nova Scotia,NS,Atlantic,923598,2020-03-22,7,0,0,254
Prince Edward Island,PE,Atlantic,142907,2020-03-22,1,0,0,0
Yukon,YT,North,35874,2020-03-22,0,0,0,0
Northwest Territories,NT,North,41786,2020-03-22,0,0,0,0
Nunavut,NU,North,35944,2020-03-22,0,0,0,3
British Columbia,BC,West Coast,4648055,2020-03-23,48,3,0,1325
Alberta,AB,Prairies,4067175,2020-03-23,42,0,0,2758
Saskatchewan,SK,Prairies,1098352,2020-03-23,14,0,0,723
Manitoba,MB,Prairies,1278365,2020-03-23,1,0,0,197
Ontario,ON,Central,13448494,2020-03-23,78,1,0,2118
Quebec,QC,Central,8164361,2020-03-23,407,0,0,0
Newfoundland and Labrador,NL,Atlantic,519716,2020-03-23,15,0,0,595
New Brunswick,NB,Atlantic,747101,2020-03-23,0,0,0,215
Nova Scotia,NS,Atlantic,923598,2020-03-23,13,0,0,198
Prince Edward Island,PE,Atlantic,142907,2020-03-23,0,0,0,131
Yukon,YT,North,35874,2020-03-23,0,0,0,0
Northwest Territories,NT,North,41786,2020-03-23,0,0,0,63
Nunavut,NU,North,35944,2020-03-23,0,0,0,0
British Columbia,BC,West Coast,4648055,2020-03-24,145,0,0,2845
Alberta,AB,Prairies,4067175,2020-03-24,57,1,0,3019
Saskatchewan,SK,Prairies,1098352,2020-03-24,6,0,0,474
Manitoba,MB,Prairies,1278365,2020-03-24,1,0,0,273
Ontario,ON,Central,13448494,2020-03-24,85,2,0,4039
Quebec,QC,Central,8164361,2020-03-24,385,0,0,6532
Newfoundland and Labrador,NL,Atlantic,519716,2020-03-24,11,0,0,193
New Brunswick,NB,Atlantic,747101,2020-03-24,1,0,0,122
Nova Scotia,NS,Atlantic,923598,2020-03-24,10,0,0,233
Prince Edward Island,PE,Atlantic,142907,2020-03-24,0,0,0,0
Yukon,YT,North,35874,2020-03-24,0,0,0,0
Northwest Territories,NT,North,41786,2020-03-24,0,0,0,117
Nunavut,NU,North,35944,2020-03-24,0,0,0,68
British Columbia,BC,West Coast,4648055,2020-03-25,42,1,0,2039
Alberta,AB,Prairies,4067175,2020-03-25,61,0,0,2732
Saskatchewan,SK,Prairies,1098352,2020-03-25,14,0,0,507
Manitoba,MB,Prairies,1278365,2020-03-25,14,0,0,334
Ontario,ON,Central,13448494,2020-03-25,100,5,0,3313
Quebec,QC,Central,8164361,2020-03-25,326,2,0,12757
Newfoundland and Labrador,NL,Atlantic,519716,2020-03-25,32,0,0,148
New Brunswick,NB,Atlantic,747101,2020-03-25,8,0,0,419
Nova Scotia,NS,Atlantic,923598,2020-03-25,17,0,0,367
Prince Edward Island,PE,Atlantic,142907,2020-03-25,2,0,0,95
Yukon,YT,North,35874,2020-03-25,0,0,0,0
Northwest Territories,NT,North,41786,2020-03-25,0,0,0,0
Nunavut,NU,North,35944,2020-03-25,0,0,0,16
British Columbia,BC,West Coast,4648055,2020-03-26,66,0,186,1894
Alberta,AB,Prairies,4067175,2020-03-26,67,0,27,1092
Saskatchewan,SK,Prairies,1098352,2020-03-26,9,0,3,618
Manitoba,MB,Prairies,1278365,2020-03-26,1,0,1,689
Ontario,ON,Central,13448494,2020-03-26,170,2,8,3177
Quebec,QC,Central,8164361,2020-03-26,290,2,2,5483
Newfoundland and Labrador,NL,Atlantic,519716,2020-03-26,15,0,0,212
New Brunswick,NB,Atlantic,747101,2020-03-26,7,0,0,169
Nova Scotia,NS,Atlantic,923598,2020-03-26,5,0,2,409
Prince Edward Island,PE,Atlantic,142907,2020-03-26,4,0,1,52
Yukon,YT,North,35874,2020-03-26,0,0,0,0
Northwest Territories,NT,North,41786,2020-03-26,0,0,0,0
Nunavut,NU,North,35944,2020-03-26,0,0,0,19
British Columbia,BC,West Coast,4648055,2020-03-27,0,0,0,1298
Alberta,AB,Prairies,4067175,2020-03-27,56,0,0,1615
Saskatchewan,SK,Prairies,1098352,2020-03-27,9,0,0,631
Manitoba,MB,Prairies,1278365,2020-03-27,3,1,0,593
Ontario,ON,Central,13448494,2020-03-27,135,3,0,2434
Quebec,QC,Central,8164361,2020-03-27,392,10,27,1045
Newfoundland and Labrador,NL,Atlantic,519716,2020-03-27,20,0,0,237
New Brunswick,NB,Atlantic,747101,2020-03-27,12,0,1,330
Nova Scotia,NS,Atlantic,923598,2020-03-27,17,0,0,529
Prince Edward Island,PE,Atlantic,142907,2020-03-27,2,0,0,69
Yukon,YT,North,35874,2020-03-27,0,0,0,187
Northwest Territories,NT,North,41786,2020-03-27,0,0,0,64
Nunavut,NU,North,35944,2020-03-27,0,0,0,9
British Columbia,BC,West Coast,4648055,2020-03-28,159,2,210,0
Alberta,AB,Prairies,4067175,2020-03-28,0,0,26,0
Saskatchewan,SK,Prairies,1098352,2020-03-28,30,0,0,649
Manitoba,MB,Prairies,1278365,2020-03-28,25,0,0,909
Ontario,ON,Central,13448494,2020-03-28,0,0,0,2185
Quebec,QC,Central,8164361,2020-03-28,477,4,0,11731
Newfoundland and Labrador,NL,Atlantic,519716,2020-03-28,18,0,4,223
New Brunswick,NB,Atlantic,747101,2020-03-28,6,0,1,333
Nova Scotia,NS,Atlantic,923598,2020-03-28,20,0,2,541
Prince Edward Island,PE,Atlantic,142907,2020-03-28,0,0,0,0
Yukon,YT,North,35874,2020-03-28,0,0,0,38
Northwest Territories,NT,North,41786,2020-03-28,0,0,0,195
Nunavut,NU,North,35944,2020-03-28,0,0,0,0
British Columbia,BC,West Coast,4648055,2020-03-29,0,1,0,1940
Alberta,AB,Prairies,4067175,2020-03-29,79,0,20,5882
Saskatchewan,SK,Prairies,1098352,2020-03-29,0,0,1,813
Manitoba,MB,Prairies,1278365,2020-03-29,8,0,0,945
Ontario,ON,Central,13448494,2020-03-29,362,1,0,6166
Quebec,QC,Central,8164361,2020-03-29,342,0,0,6117
Newfoundland and Labrador,NL,Atlantic,519716,2020-03-29,15,0,0,200
New Brunswick,NB,Atlantic,747101,2020-03-29,15,0,0,335
Nova Scotia,NS,Atlantic,923598,2020-03-29,12,0,0,497
Prince Edward Island,PE,Atlantic,142907,2020-03-29,0,0,0,55
Yukon,YT,North,35874,2020-03-29,0,0,0,37
Northwest Territories,NT,North,41786,2020-03-29,0,0,0,0
Nunavut,NU,North,35944,2020-03-29,0,0,0,0
British Columbia,BC,West Coast,4648055,2020-03-30,76,2,73,1493
Alberta,AB,Prairies,4067175,2020-03-30,69,6,21,1960
Saskatchewan,SK,Prairies,1098352,2020-03-30,41,2,10,550
Manitoba,MB,Prairies,1278365,2020-03-30,24,0,1,450
Ontario,ON,Central,13448494,2020-03-30,351,14,423,2110
Quebec,QC,Central,8164361,2020-03-30,590,3,0,7511
Newfoundland and Labrador,NL,Atlantic,519716,2020-03-30,13,1,3,225
New Brunswick,NB,Atlantic,747101,2020-03-30,2,0,0,420
Nova Scotia,NS,Atlantic,923598,2020-03-30,5,0,6,508
Prince Edward Island,PE,Atlantic,142907,2020-03-30,7,0,0,0
Yukon,YT,North,35874,2020-03-30,1,0,0,10
Northwest Territories,NT,North,41786,2020-03-30,0,0,0,0
Nunavut,NU,North,35944,2020-03-30,0,0,0,33
British Columbia,BC,West Coast,4648055,2020-03-31,10,0,38,1055
Alberta,AB,Prairies,4067175,2020-03-31,64,1,26,2635
Saskatchewan,SK,Prairies,1098352,2020-03-31,9,0,7,0
Manitoba,MB,Prairies,1278365,2020-03-31,7,0,2,303
Ontario,ON,Central,13448494,2020-03-31,260,0,103,1797
Quebec,QC,Central,8164361,2020-03-31,732,6,0,7825
Newfoundland and Labrador,NL,Atlantic,519716,2020-03-31,4,0,0,168
New Brunswick,NB,Atlantic,747101,2020-03-31,2,0,7,363
Nova Scotia,NS,Atlantic,923598,2020-03-31,20,0,0,1122
Prince Edward Island,PE,Atlantic,142907,2020-03-31,3,0,0,74
Yukon,YT,North,35874,2020-03-31,0,0,0,14
Northwest Territories,NT,North,41786,2020-03-31,0,0,0,68
Nunavut,NU,North,35944,2020-03-31,0,0,0,9
British Columbia,BC,West Coast,4648055,2020-04-01,96,6,99,340
Alberta,AB,Prairies,4067175,2020-04-01,0,0,22,4449
Saskatchewan,SK,Prairies,1098352,2020-04-01,9,1,9,830
Manitoba,MB,Prairies,1278365,2020-04-01,24,0,0,1182
Ontario,ON,Central,13448494,2020-04-01,426,4,155,5100
Quebec,QC,Central,8164361,2020-04-01,449,2,0,2171
Newfoundland and Labrador,NL,Atlantic,519716,2020-04-01,23,0,3,262
New Brunswick,NB,Atlantic,747101,2020-04-01,11,0,5,491
Nova Scotia,NS,Atlantic,923598,2020-04-01,26,0,1,791
Prince Edward Island,PE,Atlantic,142907,2020-04-01,0,0,2,0
Yukon,YT,North,35874,2020-04-01,0,0,3,20
Northwest Territories,NT,North,41786,2020-04-01,1,0,0,143
Nunavut,NU,North,35944,2020-04-01,0,0,0,16
British Columbia,BC,West Coast,4648055,2020-04-02,55,6,35,602
Alberta,AB,Prairies,4067175,2020-04-02,214,4,32,3955
Saskatchewan,SK,Prairies,1098352,2020-04-02,13,0,6,832
Manitoba,MB,Prairies,1278365,2020-04-02,40,0,7,1287
Ontario,ON,Central,13448494,2020-04-02,401,16,142,3776
Quebec,QC,Central,8164361,2020-04-02,907,3,195,4831
Newfoundland and Labrador,NL,Atlantic,519716,2020-04-02,8,0,0,142
New Brunswick,NB,Atlantic,747101,2020-04-02,10,0,8,504
Nova Scotia,NS,Atlantic,923598,2020-04-02,20,0,5,654
Prince Edward Island,PE,Atlantic,142907,2020-04-02,1,0,0,102
Yukon,YT,North,35874,2020-04-02,1,0,0,20
Northwest Territories,NT,North,41786,2020-04-02,0,0,0,18
Nunavut,NU,North,35944,2020-04-02,0,0,0,10
British Columbia,BC,West Coast,4648055,2020-04-03,53,4,0,2960
Alberta,AB,Prairies,4067175,2020-04-03,107,5,0,3412
Saskatchewan,SK,Prairies,1098352,2020-04-03,14,0,0,686
Manitoba,MB,Prairies,1278365,2020-04-03,15,1,0,552
Ontario,ON,Central,13448494,2020-04-03,462,14,0,3213
Quebec,QC,Central,8164361,2020-04-03,583,25,0,9028
Newfoundland and Labrador,NL,Atlantic,519716,2020-04-03,0,0,0,232
New Brunswick,NB,Atlantic,747101,2020-04-03,4,0,0,411
Nova Scotia,NS,Atlantic,923598,2020-04-03,14,0,0,740
Prince Edward Island,PE,Atlantic,142907,2020-04-03,0,0,0,0
Yukon,YT,North,35874,2020-04-03,0,0,0,11
Northwest Territories,NT,North,41786,2020-04-03,2,0,0,140
Nunavut,NU,North,35944,2020-04-03,0,0,0,14
British Columbia,BC,West Coast,4648055,2020-04-04,29,3,64,845
Alberta,AB,Prairies,4067175,2020-04-04,0,0,0,2012
Saskatchewan,SK,Prairies,1098352,2020-04-04,11,0,0,524
Manitoba,MB,Prairies,1278365,2020-04-04,12,0,0,541
Ontario,ON,Central,13448494,2020-04-04,375,27,0,4676
Quebec,QC,Central,8164361,2020-04-04,896,14,0,6657
Newfoundland and Labrador,NL,Atlantic,519716,2020-04-04,12,0,0,209
New Brunswick,NB,Atlantic,747101,2020-04-04,3,0,0,261
Nova Scotia,NS,Atlantic,923598,2020-04-04,29,0,0,923
Prince Edward Island,PE,Atlantic,142907,2020-04-04,0,0,0,186
Yukon,YT,North,35874,2020-04-04,0,0,0,12
Northwest Territories,NT,North,41786,2020-04-04,0,0,0,60
Nunavut,NU,North,35944,2020-04-04,0,0,0,0
British Columbia,BC,West Coast,4648055,2020-04-05,0,0,0,785
Alberta,AB,Prairies,4067175,2020-04-05,175,5,240,795
Saskatchewan,SK,Prairies,1098352,2020-04-05,18,0,55,811
Manitoba,MB,Prairies,1278365,2020-04-05,9,0,17,580
Ontario,ON,Central,13448494,2020-04-05,408,25,1219,3353
Quebec,QC,Central,8164361,2020-04-05,947,19,0,5728
Newfoundland and Labrador,NL,Atlantic,519716,2020-04-05,22,0,11,211
New Brunswick,NB,Atlantic,747101,2020-04-05,3,0,28,124
Nova Scotia,NS,Atlantic,923598,2020-04-05,26,0,50,362
Prince Edward Island,PE,Atlantic,142907,2020-04-05,0,0,6,0
Yukon,YT,North,35874,2020-04-05,0,0,4,5
Northwest Territories,NT,North,41786,2020-04-05,0,0,1,46
Nunavut,NU,North,35944,2020-04-05,0,0,0,20
British Columbia,BC,West Coast,4648055,2020-04-06,63,1,79,1109
Alberta,AB,Prairies,4067175,2020-04-06,98,1,121,868
Saskatchewan,SK,Prairies,1098352,2020-04-06,4,0,26,625
Manitoba,MB,Prairies,1278365,2020-04-06,1,0,0,1017
Ontario,ON,Central,13448494,2020-04-06,309,13,405,3098
Quebec,QC,Central,8164361,2020-04-06,636,27,611,4158
Newfoundland and Labrador,NL,Atlantic,519716,2020-04-06,9,1,21,220
New Brunswick,NB,Atlantic,747101,2020-04-06,2,0,2,257
Nova Scotia,NS,Atlantic,923598,2020-04-06,31,0,14,654
Prince Edward Island,PE,Atlantic,142907,2020-04-06,0,0,2,0
Yukon,YT,North,35874,2020-04-06,1,0,0,5
Northwest Territories,NT,North,41786,2020-04-06,1,0,0,2
Nunavut,NU,North,35944,2020-04-06,0,0,0,2
British Columbia,BC,West Coast,4648055,2020-04-07,25,4,0,592
Alberta,AB,Prairies,4067175,2020-04-07,25,2,0,1082
Saskatchewan,SK,Prairies,1098352,2020-04-07,7,0,0,523
Manitoba,MB,Prairies,1278365,2020-04-07,13,1,0,202
Ontario,ON,Central,13448494,2020-04-07,379,21,0,2930
Quebec,QC,Central,8164361,2020-04-07,760,29,0,4413
Newfoundland and Labrador,NL,Atlantic,519716,2020-04-07,2,0,0,182
New Brunswick,NB,Atlantic,747101,2020-04-07,2,0,0,424
Nova Scotia,NS,Atlantic,923598,2020-04-07,17,0,0,821
Prince Edward Island,PE,Atlantic,142907,2020-04-07,0,0,0,100
Yukon,YT,North,35874,2020-04-07,0,0,0,12
Northwest Territories,NT,North,41786,2020-04-07,0,0,0,13
Nunavut,NU,North,35944,2020-04-07,0,0,0,5
British Columbia,BC,West Coast,4648055,2020-04-08,45,5,55,1012
Alberta,AB,Prairies,4067175,2020-04-08,50,3,0,1518
Saskatchewan,SK,Prairies,1098352,2020-04-08,11,0,0,856
Manitoba,MB,Prairies,1278365,2020-04-08,4,0,0,579
Ontario,ON,Central,13448494,2020-04-08,550,21,0,3648
Quebec,QC,Central,8164361,2020-04-08,691,25,0,4744
Newfoundland and Labrador,NL,Atlantic,519716,2020-04-08,4,0,0,177
New Brunswick,NB,Atlantic,747101,2020-04-08,3,0,0,375
Nova Scotia,NS,Atlantic,923598,2020-04-08,32,1,0,513
Prince Edward Island,PE,Atlantic,142907,2020-04-08,2,0,0,408
Yukon,YT,North,35874,2020-04-08,0,0,0,7
Northwest Territories,NT,North,41786,2020-04-08,0,0,0,21
Nunavut,NU,North,35944,2020-04-08,0,0,0,6
British Columbia,BC,West Coast,4648055,2020-04-09,34,2,20,887
Alberta,AB,Prairies,4067175,2020-04-09,28,3,0,1333
Saskatchewan,SK,Prairies,1098352,2020-04-09,7,0,0,1000
Manitoba,MB,Prairies,1278365,2020-04-09,3,0,0,0
Ontario,ON,Central,13448494,2020-04-09,483,26,0,4203
Quebec,QC,Central,8164361,2020-04-09,881,41,0,4095
Newfoundland and Labrador,NL,Atlantic,519716,2020-04-09,4,1,0,249
New Brunswick,NB,Atlantic,747101,2020-04-09,3,0,0,472
Nova Scotia,NS,Atlantic,923598,2020-04-09,31,1,0,973
Prince Edward Island,PE,Atlantic,142907,2020-04-09,1,0,0,88
Yukon,YT,North,35874,2020-04-09,1,0,0,12
Northwest Territories,NT,North,41786,2020-04-09,0,0,0,14
Nunavut,NU,North,35944,2020-04-09,0,0,0,7
British Columbia,BC,West Coast,4648055,2020-04-10,40,5,21,1080
Alberta,AB,Prairies,4067175,2020-04-10,49,7,0,1964
Saskatchewan,SK,Prairies,1098352,2020-04-10,7,0,0,893
Manitoba,MB,Prairies,1278365,2020-04-10,6,1,0,1506
Ontario,ON,Central,13448494,2020-04-10,478,22,0,4365
Quebec,QC,Central,8164361,2020-04-10,765,25,0,4852
Newfoundland and Labrador,NL,Atlantic,519716,2020-04-10,3,0,0,136
New Brunswick,NB,Atlantic,747101,2020-04-10,1,0,0,350
Nova Scotia,NS,Atlantic,923598,2020-04-10,34,0,0,836
Prince Edward Island,PE,Atlantic,142907,2020-04-10,0,0,0,0
Yukon,YT,North,35874,2020-04-10,0,0,0,0
Northwest Territories,NT,North,41786,2020-04-10,0,0,0,77
Nunavut,NU,North,35944,2020-04-10,0,0,0,14
British Columbia,BC,West Coast,4648055,2020-04-11,35,3,26,0
Alberta,AB,Prairies,4067175,2020-04-11,69,1,0,2699
Saskatchewan,SK,Prairies,1098352,2020-04-11,4,1,0,764
Manitoba,MB,Prairies,1278365,2020-04-11,13,0,0,145
Ontario,ON,Central,13448494,2020-04-11,411,31,0,3567
Quebec,QC,Central,8164361,2020-04-11,615,48,0,4898
Newfoundland and Labrador,NL,Atlantic,519716,2020-04-11,2,0,0,193
New Brunswick,NB,Atlantic,747101,2020-04-11,0,0,0,201
Nova Scotia,NS,Atlantic,923598,2020-04-11,21,0,0,630
Prince Edward Island,PE,Atlantic,142907,2020-04-11,0,0,0,142
Yukon,YT,North,35874,2020-04-11,0,0,0,9
Northwest Territories,NT,North,41786,2020-04-11,0,0,0,28
Nunavut,NU,North,35944,2020-04-11,0,0,0,0
British Columbia,BC,West Coast,4648055,2020-04-12,0,0,0,2124
Alberta,AB,Prairies,4067175,2020-04-12,82,4,0,1930
Saskatchewan,SK,Prairies,1098352,2020-04-12,9,0,0,783
Manitoba,MB,Prairies,1278365,2020-04-12,0,0,0,846
Ontario,ON,Central,13448494,2020-04-12,401,21,0,6946
Quebec,QC,Central,8164361,2020-04-12,554,39,0,3656
Newfoundland and Labrador,NL,Atlantic,519716,2020-04-12,1,0,0,99
New Brunswick,NB,Atlantic,747101,2020-04-12,2,0,0,260
Nova Scotia,NS,Atlantic,923598,2020-04-12,17,0,0,818
Prince Edward Island,PE,Atlantic,142907,2020-04-12,0,0,0,68
Yukon,YT,North,35874,2020-04-12,0,0,0,0
Northwest Territories,NT,North,41786,2020-04-12,0,0,0,16
Nunavut,NU,North,35944,2020-04-12,0,0,0,3
British Columbia,BC,West Coast,4648055,2020-04-13,45,11,21,1010
Alberta,AB,Prairies,4067175,2020-04-13,81,2,0,2298
Saskatchewan,SK,Prairies,1098352,2020-04-13,2,0,0,496
Manitoba,MB,Prairies,1278365,2020-04-13,4,0,0,53
Ontario,ON,Central,13448494,2020-04-13,421,17,0,4980
Quebec,QC,Central,8164361,2020-04-13,711,32,0,4799
Newfoundland and Labrador,NL,Atlantic,519716,2020-04-13,2,0,0,85
New Brunswick,NB,Atlantic,747101,2020-04-13,2,0,0,244
Nova Scotia,NS,Atlantic,923598,2020-04-13,29,1,0,1219
Prince Edward Island,PE,Atlantic,142907,2020-04-13,0,0,0,70
Yukon,YT,North,35874,2020-04-13,0,0,0,17
Northwest Territories,NT,North,41786,2020-04-13,0,0,0,4
Nunavut,NU,North,35944,2020-04-13,0,0,0,0
British Columbia,BC,West Coast,4648055,2020-04-14,27,3,16,764
Alberta,AB,Prairies,4067175,2020-04-14,138,2,0,2688
Saskatchewan,SK,Prairies,1098352,2020-04-14,1,0,0,447
Manitoba,MB,Prairies,1278365,2020-04-14,0,0,0,670
Ontario,ON,Central,13448494,2020-04-14,483,43,0,5425
Quebec,QC,Central,8164361,2020-04-14,691,75,0,5881
Newfoundland and Labrador,NL,Atlantic,519716,2020-04-14,0,0,0,473
New Brunswick,NB,Atlantic,747101,2020-04-14,0,0,0,225
Nova Scotia,NS,Atlantic,923598,2020-04-14,43,0,0,929
Prince Edward Island,PE,Atlantic,142907,2020-04-14,0,0,0,0
Yukon,YT,North,35874,2020-04-14,0,0,0,3
Northwest Territories,NT,North,41786,2020-04-14,0,0,0,3
Nunavut,NU,North,35944,2020-04-14,0,0,0,0
British Columbia,BC,West Coast,4648055,2020-04-15,44,3,13,304
Alberta,AB,Prairies,4067175,2020-04-15,126,0,0,0
Saskatchewan,SK,Prairies,1098352,2020-04-15,3,0,0,571
Manitoba,MB,Prairies,1278365,2020-04-15,0,1,0,0
Ontario,ON,Central,13448494,2020-04-15,494,51,0,4993
Quebec,QC,Central,8164361,2020-04-15,612,52,0,5723
Newfoundland and Labrador,NL,Atlantic,519716,2020-04-15,3,0,0,0
New Brunswick,NB,Atlantic,747101,2020-04-15,1,0,0,445
Nova Scotia,NS,Atlantic,923598,2020-04-15,32,0,0,768
Prince Edward Island,PE,Atlantic,142907,2020-04-15,1,0,0,148
Yukon,YT,North,35874,2020-04-15,0,0,0,6
Northwest Territories,NT,North,41786,2020-04-15,0,0,0,8
Nunavut,NU,North,35944,2020-04-15,0,0,0,0
British Columbia,BC,West Coast,4648055,2020-04-16,0,0,0,859
Alberta,AB,Prairies,4067175,2020-04-16,162,2,0,5807
Saskatchewan,SK,Prairies,1098352,2020-04-16,1,0,0,618
Manitoba,MB,Prairies,1278365,2020-04-16,4,0,0,529
Ontario,ON,Central,13448494,2020-04-16,514,38,0,5127
Quebec,QC,Central,8164361,2020-04-16,997,143,0,5397
Newfoundland and Labrador,NL,Atlantic,519716,2020-04-16,5,0,0,148
New Brunswick,NB,Atlantic,747101,2020-04-16,0,0,0,271
Nova Scotia,NS,Atlantic,923598,2020-04-16,30,0,0,994
Prince Edward Island,PE,Atlantic,142907,2020-04-16,0,0,0,83
Yukon,YT,North,35874,2020-04-16,0,0,0,8
Northwest Territories,NT,North,41786,2020-04-16,0,0,0,37
Nunavut,NU,North,35944,2020-04-16,0,0,0,11
British Columbia,BC,West Coast,4648055,2020-04-17,14,2,0,1081
Alberta,AB,Prairies,4067175,2020-04-17,239,0,0,3642
Saskatchewan,SK,Prairies,1098352,2020-04-17,2,0,0,581
Manitoba,MB,Prairies,1278365,2020-04-17,0,0,0,496
Ontario,ON,Central,13448494,2020-04-17,564,55,0,6824
Quebec,QC,Central,8164361,2020-04-17,941,58,0,5151
Newfoundland and Labrador,NL,Atlantic,519716,2020-04-17,4,0,0,279
New Brunswick,NB,Atlantic,747101,2020-04-17,0,0,0,739
Nova Scotia,NS,Atlantic,923598,2020-04-17,27,1,0,1193
Prince Edward Island,PE,Atlantic,142907,2020-04-17,0,0,0,67
Yukon,YT,North,35874,2020-04-17,1,0,0,3
Northwest Territories,NT,North,41786,2020-04-17,0,0,0,9
Nunavut,NU,North,35944,2020-04-17,0,0,0,11
British Columbia,BC,West Coast,4648055,2020-04-18,43,1,11,1191
Alberta,AB,Prairies,4067175,2020-04-18,165,1,1162,3818
Saskatchewan,SK,Prairies,1098352,2020-04-18,6,0,234,785
Manitoba,MB,Prairies,1278365,2020-04-18,3,0,132,598
Ontario,ON,Central,13448494,2020-04-18,485,36,4875,7315
Quebec,QC,Central,8164361,2020-04-18,723,117,3315,5048
Newfoundland and Labrador,NL,Atlantic,519716,2020-04-18,1,0,189,286
New Brunswick,NB,Atlantic,747101,2020-04-18,1,0,87,274
Nova Scotia,NS,Atlantic,923598,2020-04-18,43,3,184,931
Prince Edward Island,PE,Atlantic,142907,2020-04-18,0,0,23,73
Yukon,YT,North,35874,2020-04-18,0,0,8,7
Northwest Territories,NT,North,41786,2020-04-18,0,0,3,12
Nunavut,NU,North,35944,2020-04-18,0,0,0,18
British Columbia,BC,West Coast,4648055,2020-04-19,0,0,0,1209
Alberta,AB,Prairies,4067175,2020-04-19,0,0,0,4218
Saskatchewan,SK,Prairies,1098352,2020-04-19,2,0,0,762
Manitoba,MB,Prairies,1278365,2020-04-19,0,0,11,222
Ontario,ON,Central,13448494,2020-04-19,568,39,334,8658
Quebec,QC,Central,8164361,2020-04-19,836,72,240,4778
Newfoundland and Labrador,NL,Atlantic,519716,2020-04-19,0,0,2,258
New Brunswick,NB,Atlantic,747101,2020-04-19,0,0,5,332
Nova Scotia,NS,Atlantic,923598,2020-04-19,26,2,16,666
Prince Edward Island,PE,Atlantic,142907,2020-04-19,0,0,0,153
Yukon,YT,North,35874,2020-04-19,0,0,0,19
Northwest Territories,NT,North,41786,2020-04-19,0,0,0,17
Nunavut,NU,North,35944,2020-04-19,0,0,0,0
British Columbia,BC,West Coast,4648055,2020-04-20,81,8,73,1001
Alberta,AB,Prairies,4067175,2020-04-20,346,8,68,3718
Saskatchewan,SK,Prairies,1098352,2020-04-20,1,0,4,0
Manitoba,MB,Prairies,1278365,2020-04-20,1,1,0,290
Ontario,ON,Central,13448494,2020-04-20,606,31,306,0
Quebec,QC,Central,8164361,2020-04-20,962,62,292,4253
Newfoundland and Labrador,NL,Atlantic,519716,2020-04-20,0,0,0,105
New Brunswick,NB,Atlantic,747101,2020-04-20,0,0,6,202
Nova Scotia,NS,Atlantic,923598,2020-04-20,46,0,48,640
Prince Edward Island,PE,Atlantic,142907,2020-04-20,0,0,0,0
Yukon,YT,North,35874,2020-04-20,2,0,0,0
Northwest Territories,NT,North,41786,2020-04-20,0,0,2,19
Nunavut,NU,North,35944,2020-04-20,0,0,0,1
British Columbia,BC,West Coast,4648055,2020-04-21,25,1,2,747
Alberta,AB,Prairies,4067175,2020-04-21,187,2,43,3472
Saskatchewan,SK,Prairies,1098352,2020-04-21,4,0,14,795
Manitoba,MB,Prairies,1278365,2020-04-21,1,0,7,404
Ontario,ON,Central,13448494,2020-04-21,551,38,291,0
Quebec,QC,Central,8164361,2020-04-21,807,102,201,3719
Newfoundland and Labrador,NL,Atlantic,519716,2020-04-21,0,0,3,150
New Brunswick,NB,Atlantic,747101,2020-04-21,0,0,4,307
Nova Scotia,NS,Atlantic,923598,2020-04-21,16,1,38,592
Prince Edward Island,PE,Atlantic,142907,2020-04-21,0,0,0,91
Yukon,YT,North,35874,2020-04-21,0,0,0,0
Northwest Territories,NT,North,41786,2020-04-21,0,0,0,14
Nunavut,NU,North,35944,2020-04-21,0,0,0,15
British Columbia,BC,West Coast,4648055,2020-04-22,71,3,38,973
Alberta,AB,Prairies,4067175,2020-04-22,306,5,37,4151
Saskatchewan,SK,Prairies,1098352,2020-04-22,6,0,9,454
Manitoba,MB,Prairies,1278365,2020-04-22,2,0,4,323
Ontario,ON,Central,13448494,2020-04-22,510,37,415,30361
Quebec,QC,Central,8164361,2020-04-22,839,93,243,4528
Newfoundland and Labrador,NL,Atlantic,519716,2020-04-22,0,0,5,272
New Brunswick,NB,Atlantic,747101,2020-04-22,0,0,2,322
Nova Scotia,NS,Atlantic,923598,2020-04-22,35,2,44,894
Prince Edward Island,PE,Atlantic,142907,2020-04-22,0,0,1,14
Yukon,YT,North,35874,2020-04-22,0,0,0,6
Northwest Territories,NT,North,41786,2020-04-22,0,0,0,3
Nunavut,NU,North,35944,2020-04-22,0,0,0,13
British Columbia,BC,West Coast,4648055,2020-04-23,29,4,13,1349
Alberta,AB,Prairies,4067175,2020-04-23,319,1,47,4041
Saskatchewan,SK,Prairies,1098352,2020-04-23,5,0,9,496
Manitoba,MB,Prairies,1278365,2020-04-23,5,0,20,578
Ontario,ON,Central,13448494,2020-04-23,634,54,459,9910
Quebec,QC,Central,8164361,2020-04-23,873,109,193,4785
Newfoundland and Labrador,NL,Atlantic,519716,2020-04-23,0,0,6,207
New Brunswick,NB,Atlantic,747101,2020-04-23,0,0,0,495
Nova Scotia,NS,Atlantic,923598,2020-04-23,55,4,28,729
Prince Edward Island,PE,Atlantic,142907,2020-04-23,0,0,0,122
Yukon,YT,North,35874,2020-04-23,0,0,0,3
Northwest Territories,NT,North,41786,2020-04-23,0,0,0,3
Nunavut,NU,North,35944,2020-04-23,0,0,0,7
British Columbia,BC,West Coast,4648055,2020-04-24,29,4,22,1624
Alberta,AB,Prairies,4067175,2020-04-24,297,5,40,4297
Saskatchewan,SK,Prairies,1098352,2020-04-24,10,0,10,637
Manitoba,MB,Prairies,1278365,2020-04-24,1,0,22,491
Ontario,ON,Central,13448494,2020-04-24,640,50,407,11893
Quebec,QC,Central,8164361,2020-04-24,778,97,240,4799
Newfoundland and Labrador,NL,Atlantic,519716,2020-04-24,0,0,2,243
New Brunswick,NB,Atlantic,747101,2020-04-24,0,0,3,292
Nova Scotia,NS,Atlantic,923598,2020-04-24,23,0,34,774
Prince Edward Island,PE,Atlantic,142907,2020-04-24,0,0,0,98
Yukon,YT,North,35874,2020-04-24,0,0,0,7
Northwest Territories,NT,North,41786,2020-04-24,0,0,0,22
Nunavut,NU,North,35944,2020-04-24,0,0,0,14
British Columbia,BC,West Coast,4648055,2020-04-25,95,2,23,2567
Alberta,AB,Prairies,4067175,2020-04-25,216,1,74,4385
Saskatchewan,SK,Prairies,1098352,2020-04-25,8,0,8,556
Manitoba,MB,Prairies,1278365,2020-04-25,4,0,3,0
Ontario,ON,Central,13448494,2020-04-25,476,48,422,10232
Quebec,QC,Central,8164361,2020-04-25,651,106,333,5133
Newfoundland and Labrador,NL,Atlantic,519716,2020-04-25,1,0,1,227
New Brunswick,NB,Atlantic,747101,2020-04-25,0,0,0,371
Nova Scotia,NS,Atlantic,923598,2020-04-25,15,6,20,662
Prince Edward Island,PE,Atlantic,142907,2020-04-25,0,0,0,0
Yukon,YT,North,35874,2020-04-25,0,0,0,6
Northwest Territories,NT,North,41786,2020-04-25,0,0,0,17
Nunavut,NU,North,35944,2020-04-25,0,0,0,7
British Columbia,BC,West Coast,4648055,2020-04-26,0,0,0,1661
Alberta,AB,Prairies,4067175,2020-04-26,247,0,78,4066
Saskatchewan,SK,Prairies,1098352,2020-04-26,4,0,0,0
Manitoba,MB,Prairies,1278365,2020-04-26,4,0,0,0
Ontario,ON,Central,13448494,2020-04-26,437,24,491,11627
Quebec,QC,Central,8164361,2020-04-26,840,69,285,4812
Newfoundland and Labrador,NL,Atlantic,519716,2020-04-26,1,0,11,108
New Brunswick,NB,Atlantic,747101,2020-04-26,0,0,4,246
Nova Scotia,NS,Atlantic,923598,2020-04-26,8,2,27,551
Prince Edward Island,PE,Atlantic,142907,2020-04-26,0,0,0,124
Yukon,YT,North,35874,2020-04-26,0,0,0,14
Northwest Territories,NT,North,41786,2020-04-26,0,0,0,21
Nunavut,NU,North,35944,2020-04-26,0,0,0,7
British Columbia,BC,West Coast,4648055,2020-04-27,50,3,53,2589
Alberta,AB,Prairies,4067175,2020-04-27,216,2,115,3550
Saskatchewan,SK,Prairies,1098352,2020-04-27,12,1,0,945
Manitoba,MB,Prairies,1278365,2020-04-27,1,0,6,1429
Ontario,ON,Central,13448494,2020-04-27,424,57,525,12139
Quebec,QC,Central,8164361,2020-04-27,875,84,175,4595
Newfoundland and Labrador,NL,Atlantic,519716,2020-04-27,0,0,2,201
New Brunswick,NB,Atlantic,747101,2020-04-27,0,0,1,123
Nova Scotia,NS,Atlantic,923598,2020-04-27,27,0,70,566
Prince Edward Island,PE,Atlantic,142907,2020-04-27,0,0,0,38
Yukon,YT,North,35874,2020-04-27,0,0,0,11
Northwest Territories,NT,North,41786,2020-04-27,0,0,0,10
Nunavut,NU,North,35944,2020-04-27,0,0,0,1
British Columbia,BC,West Coast,4648055,2020-04-28,55,2,41,1646
Alberta,AB,Prairies,4067175,2020-04-28,154,5,136,2912
Saskatchewan,SK,Prairies,1098352,2020-04-28,1,0,3,273
Manitoba,MB,Prairies,1278365,2020-04-28,0,0,4,230
Ontario,ON,Central,13448494,2020-04-28,525,59,439,10498
Quebec,QC,Central,8164361,2020-04-28,775,83,324,4300
Newfoundland and Labrador,NL,Atlantic,519716,2020-04-28,0,0,1,264
New Brunswick,NB,Atlantic,747101,2020-04-28,0,0,2,259
Nova Scotia,NS,Atlantic,923598,2020-04-28,15,3,13,671
Prince Edward Island,PE,Atlantic,142907,2020-04-28,1,0,0,0
Yukon,YT,North,35874,2020-04-28,0,0,0,34
Northwest Territories,NT,North,41786,2020-04-28,0,0,0,0
Nunavut,NU,North,35944,2020-04-28,0,0,0,8
British Columbia,BC,West Coast,4648055,2020-04-29,34,4,74,2275
Alberta,AB,Prairies,4067175,2020-04-29,315,7,153,4739
Saskatchewan,SK,Prairies,1098352,2020-04-29,17,1,0,413
Manitoba,MB,Prairies,1278365,2020-04-29,1,0,4,438
Ontario,ON,Central,13448494,2020-04-29,347,45,648,11176
Quebec,QC,Central,8164361,2020-04-29,837,79,207,4507
Newfoundland and Labrador,NL,Atlantic,519716,2020-04-29,0,0,3,286
New Brunswick,NB,Atlantic,747101,2020-04-29,0,0,0,214
Nova Scotia,NS,Atlantic,923598,2020-04-29,20,1,7,623
Prince Edward Island,PE,Atlantic,142907,2020-04-29,0,0,0,84
Yukon,YT,North,35874,2020-04-29,0,0,0,20
Northwest Territories,NT,North,41786,2020-04-29,0,0,0,23
Nunavut,NU,North,35944,2020-04-29,0,0,0,15
British Columbia,BC,West Coast,4648055,2020-04-30,25,2,17,2269
Alberta,AB,Prairies,4067175,2020-04-30,190,2,208,4549
Saskatchewan,SK,Prairies,1098352,2020-04-30,6,0,4,458
Manitoba,MB,Prairies,1278365,2020-04-30,2,0,7,487
Ontario,ON,Central,13448494,2020-04-30,459,86,593,12505
Quebec,QC,Central,8164361,2020-04-30,944,98,251,5068
Newfoundland and Labrador,NL,Atlantic,519716,2020-04-30,0,0,0,185
New Brunswick,NB,Atlantic,747101,2020-04-30,0,0,0,477
Nova Scotia,NS,Atlantic,923598,2020-04-30,12,0,16,690
Prince Edward Island,PE,Atlantic,142907,2020-04-30,0,0,0,112
Yukon,YT,North,35874,2020-04-30,0,0,1,11
Northwest Territories,NT,North,41786,2020-04-30,0,0,0,21
Nunavut,NU,North,35944,2020-04-30,0,0,0,4
British Columbia,BC,West Coast,4648055,2020-05-01,33,1,35,2065
Alberta,AB,Prairies,4067175,2020-05-01,218,3,198,4360
Saskatchewan,SK,Prairies,1098352,2020-05-01,26,0,2,631
Manitoba,MB,Prairies,1278365,2020-05-01,4,0,15,671
Ontario,ON,Central,13448494,2020-05-01,421,39,620,15991
Quebec,QC,Central,8164361,2020-05-01,1110,163,401,5320
Newfoundland and Labrador,NL,Atlantic,519716,2020-05-01,1,0,5,169
New Brunswick,NB,Atlantic,747101,2020-05-01,0,0,2,400
Nova Scotia,NS,Atlantic,923598,2020-05-01,12,1,47,728
Prince Edward Island,PE,Atlantic,142907,2020-05-01,0,0,0,97
Yukon,YT,North,35874,2020-05-01,0,0,2,15
Northwest Territories,NT,North,41786,2020-05-01,0,0,0,0
Nunavut,NU,North,35944,2020-05-01,0,0,0,25
British Columbia,BC,West Coast,4648055,2020-05-02,26,2,19,2360
Alberta,AB,Prairies,4067175,2020-05-02,97,2,175,3337
Saskatchewan,SK,Prairies,1098352,2020-05-02,6,0,5,430
Manitoba,MB,Prairies,1278365,2020-05-02,1,0,1,761
Ontario,ON,Central,13448494,2020-05-02,511,55,565,15772
Quebec,QC,Central,8164361,2020-05-02,1008,114,265,5464
Newfoundland and Labrador,NL,Atlantic,519716,2020-05-02,0,0,1,171
New Brunswick,NB,Atlantic,747101,2020-05-02,0,0,2,254
Nova Scotia,NS,Atlantic,923598,2020-05-02,4,2,17,625
Prince Edward Island,PE,Atlantic,142907,2020-05-02,0,0,0,67
Yukon,YT,North,35874,2020-05-02,0,0,0,20
Northwest Territories,NT,North,41786,2020-05-02,0,0,0,53
Nunavut,NU,North,35944,2020-05-02,0,0,0,0
British Columbia,BC,West Coast,4648055,2020-05-03,0,0,0,3157
Alberta,AB,Prairies,4067175,2020-05-03,96,1,179,3366
Saskatchewan,SK,Prairies,1098352,2020-05-03,12,0,3,651
Manitoba,MB,Prairies,1278365,2020-05-03,1,0,1,517
Ontario,ON,Central,13448494,2020-05-03,434,40,615,16586
Quebec,QC,Central,8164361,2020-05-03,2209,69,293,6033
Newfoundland and Labrador,NL,Atlantic,519716,2020-05-03,0,0,1,103
New Brunswick,NB,Atlantic,747101,2020-05-03,0,0,0,307
Nova Scotia,NS,Atlantic,923598,2020-05-03,8,6,15,418
Prince Edward Island,PE,Atlantic,142907,2020-05-03,0,0,0,52
Yukon,YT,North,35874,2020-05-03,0,0,0,4
Northwest Territories,NT,North,41786,2020-05-03,0,0,0,15
Nunavut,NU,North,35944,2020-05-03,0,0,0,0
British Columbia,BC,West Coast,4648055,2020-05-04,53,3,41,1801
Alberta,AB,Prairies,4067175,2020-05-04,70,9,229,0
Saskatchewan,SK,Prairies,1098352,2020-05-04,34,0,2,673
Manitoba,MB,Prairies,1278365,2020-05-04,0,0,1,604
Ontario,ON,Central,13448494,2020-05-04,370,84,500,14079
Quebec,QC,Central,8164361,2020-05-04,758,75,320,4272
Newfoundland and Labrador,NL,Atlantic,519716,2020-05-04,0,0,1,116
New Brunswick,NB,Atlantic,747101,2020-05-04,0,0,0,0
Nova Scotia,NS,Atlantic,923598,2020-05-04,14,1,14,379
Prince Edward Island,PE,Atlantic,142907,2020-05-04,0,0,1,0
Yukon,YT,North,35874,2020-05-04,0,0,0,0
Northwest Territories,NT,North,41786,2020-05-04,0,0,0,0
Nunavut,NU,North,35944,2020-05-04,0,0,0,0
British Columbia,BC,West Coast,4648055,2020-05-05,8,4,55,1426
Alberta,AB,Prairies,4067175,2020-05-05,57,2,277,5014
Saskatchewan,SK,Prairies,1098352,2020-05-05,20,0,3,493
Manitoba,MB,Prairies,1278365,2020-05-05,1,1,0,345
Ontario,ON,Central,13448494,2020-05-05,387,61,274,10305
Quebec,QC,Central,8164361,2020-05-05,794,118,345,4105
Newfoundland and Labrador,NL,Atlantic,519716,2020-05-05,0,0,8,192
New Brunswick,NB,Atlantic,747101,2020-05-05,1,0,0,423
Nova Scotia,NS,Atlantic,923598,2020-05-05,6,3,14,575
Prince Edward Island,PE,Atlantic,142907,2020-05-05,0,0,0,203
Yukon,YT,North,35874,2020-05-05,0,0,0,5
Northwest Territories,NT,North,41786,2020-05-05,0,0,0,1
Nunavut,NU,North,35944,2020-05-05,0,0,0,71
British Columbia,BC,West Coast,4648055,2020-05-06,23,3,22,1524
Alberta,AB,Prairies,4067175,2020-05-06,70,6,333,3048
Saskatchewan,SK,Prairies,1098352,2020-05-06,25,0,2,583
Manitoba,MB,Prairies,1278365,2020-05-06,2,0,4,510
Ontario,ON,Central,13448494,2020-05-06,412,68,443,12537
Quebec,QC,Central,8164361,2020-05-06,910,112,361,11413
Newfoundland and Labrador,NL,Atlantic,519716,2020-05-06,0,0,3,168
New Brunswick,NB,Atlantic,747101,2020-05-06,1,0,0,342
Nova Scotia,NS,Atlantic,923598,2020-05-06,7,0,9,723
Prince Edward Island,PE,Atlantic,142907,2020-05-06,0,0,1,113
Yukon,YT,North,35874,2020-05-06,0,0,0,13
Northwest Territories,NT,North,41786,2020-05-06,0,0,0,25
Nunavut,NU,North,35944,2020-05-06,0,0,0,33
British Columbia,BC,West Coast,4648055,2020-05-07,33,2,18,1967
Alberta,AB,Prairies,4067175,2020-05-07,54,2,257,3325
Saskatchewan,SK,Prairies,1098352,2020-05-07,19,0,17,679
Manitoba,MB,Prairies,1278365,2020-05-07,0,0,1,520
Ontario,ON,Central,13448494,2020-05-07,399,48,347,14683
Quebec,QC,Central,8164361,2020-05-07,911,121,389,9140
Newfoundland and Labrador,NL,Atlantic,519716,2020-05-07,2,0,0,156
New Brunswick,NB,Atlantic,747101,2020-05-07,0,0,0,376
Nova Scotia,NS,Atlantic,923598,2020-05-07,9,3,47,672
Prince Edward Island,PE,Atlantic,142907,2020-05-07,0,0,0,96
Yukon,YT,North,35874,2020-05-07,0,0,0,24
Northwest Territories,NT,North,41786,2020-05-07,0,0,0,17
Nunavut,NU,North,35944,2020-05-07,0,0,0,5
British Columbia,BC,West Coast,4648055,2020-05-08,27,1,67,1985
Alberta,AB,Prairies,4067175,2020-05-08,81,1,211,2817
Saskatchewan,SK,Prairies,1098352,2020-05-08,13,0,6,694
Manitoba,MB,Prairies,1278365,2020-05-08,1,0,4,510
Ontario,ON,Central,13448494,2020-05-08,477,63,421,15762
Quebec,QC,Central,8164361,2020-05-08,912,94,255,6650
Newfoundland and Labrador,NL,Atlantic,519716,2020-05-08,0,0,0,120
New Brunswick,NB,Atlantic,747101,2020-05-08,0,0,0,368
Nova Scotia,NS,Atlantic,923598,2020-05-08,1,2,14,540
Prince Edward Island,PE,Atlantic,142907,2020-05-08,0,0,1,117
Yukon,YT,North,35874,2020-05-08,0,0,0,0
Northwest Territories,NT,North,41786,2020-05-08,0,0,0,28
Nunavut,NU,North,35944,2020-05-08,0,0,0,20
British Columbia,BC,West Coast,4648055,2020-05-09,15,2,80,1904
Alberta,AB,Prairies,4067175,2020-05-09,59,1,184,3088
Saskatchewan,SK,Prairies,1098352,2020-05-09,9,0,5,833
Manitoba,MB,Prairies,1278365,2020-05-09,0,0,0,696
Ontario,ON,Central,13448494,2020-05-09,346,59,393,18599
Quebec,QC,Central,8164361,2020-05-09,836,61,340,10343
Newfoundland and Labrador,NL,Atlantic,519716,2020-05-09,0,0,0,128
New Brunswick,NB,Atlantic,747101,2020-05-09,0,0,0,349
Nova Scotia,NS,Atlantic,923598,2020-05-09,3,1,21,450
Prince Edward Island,PE,Atlantic,142907,2020-05-09,0,0,0,110
Yukon,YT,North,35874,2020-05-09,0,0,0,10
Northwest Territories,NT,North,41786,2020-05-09,0,0,0,22
Nunavut,NU,North,35944,2020-05-09,0,0,0,18
British Columbia,BC,West Coast,4648055,2020-05-10,0,0,0,1763
Alberta,AB,Prairies,4067175,2020-05-10,96,1,185,3608
Saskatchewan,SK,Prairies,1098352,2020-05-10,11,0,9,640
Manitoba,MB,Prairies,1278365,2020-05-10,3,0,0,608
Ontario,ON,Central,13448494,2020-05-10,294,35,389,17041
Quebec,QC,Central,8164361,2020-05-10,735,142,258,1602
Newfoundland and Labrador,NL,Atlantic,519716,2020-05-10,0,0,0,103
New Brunswick,NB,Atlantic,747101,2020-05-10,0,0,0,333
Nova Scotia,NS,Atlantic,923598,2020-05-10,7,0,6,289
Prince Edward Island,PE,Atlantic,142907,2020-05-10,0,0,0,69
Yukon,YT,North,35874,2020-05-10,0,0,0,0
Northwest Territories,NT,North,41786,2020-05-10,0,0,0,9
Nunavut,NU,North,35944,2020-05-10,0,0,0,0
British Columbia,BC,West Coast,4648055,2020-05-11,23,1,60,596
Alberta,AB,Prairies,4067175,2020-05-11,47,0,270,2479
Saskatchewan,SK,Prairies,1098352,2020-05-11,4,0,14,492
Manitoba,MB,Prairies,1278365,2020-05-11,2,0,0,352
Ontario,ON,Central,13448494,2020-05-11,308,35,359,13514
Quebec,QC,Central,8164361,2020-05-11,748,85,177,5850
Newfoundland and Labrador,NL,Atlantic,519716,2020-05-11,0,0,0,94
New Brunswick,NB,Atlantic,747101,2020-05-11,0,0,0,434
Nova Scotia,NS,Atlantic,923598,2020-05-11,1,1,18,203
Prince Edward Island,PE,Atlantic,142907,2020-05-11,0,0,0,64
Yukon,YT,North,35874,2020-05-11,0,0,0,13
Northwest Territories,NT,North,41786,2020-05-11,0,0,0,10
Nunavut,NU,North,35944,2020-05-11,0,0,0,8
British Columbia,BC,West Coast,4648055,2020-05-12,7,1,113,1531
Alberta,AB,Prairies,4067175,2020-05-12,45,1,207,2706
Saskatchewan,SK,Prairies,1098352,2020-05-12,5,0,11,216
Manitoba,MB,Prairies,1278365,2020-05-12,1,0,4,401
Ontario,ON,Central,13448494,2020-05-12,361,56,260,11566
Quebec,QC,Central,8164361,2020-05-12,756,118,353,6649
Newfoundland and Labrador,NL,Atlantic,519716,2020-05-12,0,0,3,147
New Brunswick,NB,Atlantic,747101,2020-05-12,0,0,0,155
Nova Scotia,NS,Atlantic,923598,2020-05-12,1,0,97,407
Prince Edward Island,PE,Atlantic,142907,2020-05-12,0,0,0,119
Yukon,YT,North,35874,2020-05-12,0,0,0,6
Northwest Territories,NT,North,41786,2020-05-12,0,0,0,8
Nunavut,NU,North,35944,2020-05-12,0,0,0,28
British Columbia,BC,West Coast,4648055,2020-05-13,16,1,27,1502
Alberta,AB,Prairies,4067175,2020-05-13,62,2,210,3416
Saskatchewan,SK,Prairies,1098352,2020-05-13,4,0,11,388
Manitoba,MB,Prairies,1278365,2020-05-13,0,0,0,617
Ontario,ON,Central,13448494,2020-05-13,329,40,454,14642
Quebec,QC,Central,8164361,2020-05-13,706,89,414,5640
Newfoundland and Labrador,NL,Atlantic,519716,2020-05-13,0,0,0,106
New Brunswick,NB,Atlantic,747101,2020-05-13,0,0,0,426
Nova Scotia,NS,Atlantic,923598,2020-05-13,4,3,6,381
Prince Edward Island,PE,Atlantic,142907,2020-05-13,0,0,0,170
Yukon,YT,North,35874,2020-05-13,0,0,0,12
Northwest Territories,NT,North,41786,2020-05-13,0,0,0,0
Nunavut,NU,North,35944,2020-05-13,0,0,0,4
British Columbia,BC,West Coast,4648055,2020-05-14,16,3,26,1687
Alberta,AB,Prairies,4067175,2020-05-14,50,1,129,3921
Saskatchewan,SK,Prairies,1098352,2020-05-14,5,0,13,475
Manitoba,MB,Prairies,1278365,2020-05-14,0,0,1,326
Ontario,ON,Central,13448494,2020-05-14,345,33,359,16859
Quebec,QC,Central,8164361,2020-05-14,793,131,359,6401
Newfoundland and Labrador,NL,Atlantic,519716,2020-05-14,0,0,1,126
New Brunswick,NB,Atlantic,747101,2020-05-14,0,0,0,407
Nova Scotia,NS,Atlantic,923598,2020-05-14,2,0,39,381
Prince Edward Island,PE,Atlantic,142907,2020-05-14,0,0,0,107
Yukon,YT,North,35874,2020-05-14,0,0,0,6
Northwest Territories,NT,North,41786,2020-05-14,0,0,0,11
Nunavut,NU,North,35944,2020-05-14,0,0,0,9
British Columbia,BC,West Coast,4648055,2020-05-15,15,5,23,1542
Alberta,AB,Prairies,4067175,2020-05-15,58,4,112,3680
Saskatchewan,SK,Prairies,1098352,2020-05-15,8,0,10,422
Manitoba,MB,Prairies,1278365,2020-05-15,0,0,2,750
Ontario,ON,Central,13448494,2020-05-15,341,27,437,17753
Quebec,QC,Central,8164361,2020-05-15,696,50,210,7939
Newfoundland and Labrador,NL,Atlantic,519716,2020-05-15,0,0,0,68
New Brunswick,NB,Atlantic,747101,2020-05-15,0,0,1,415
Nova Scotia,NS,Atlantic,923598,2020-05-15,8,4,9,395
Prince Edward Island,PE,Atlantic,142907,2020-05-15,0,0,0,163
Yukon,YT,North,35874,2020-05-15,0,0,0,7
Northwest Territories,NT,North,41786,2020-05-15,0,0,0,13
Nunavut,NU,North,35944,2020-05-15,0,0,0,11
British Columbia,BC,West Coast,4648055,2020-05-16,21,1,24,1597
Alberta,AB,Prairies,4067175,2020-05-16,72,1,60,3873
Saskatchewan,SK,Prairies,1098352,2020-05-16,1,0,25,731
Manitoba,MB,Prairies,1278365,2020-05-16,0,0,3,803
Ontario,ON,Central,13448494,2020-05-16,391,33,379,17187
Quebec,QC,Central,8164361,2020-05-16,763,82,419,8604
Newfoundland and Labrador,NL,Atlantic,519716,2020-05-16,0,0,1,181
New Brunswick,NB,Atlantic,747101,2020-05-16,0,0,1,188
Nova Scotia,NS,Atlantic,923598,2020-05-16,3,0,12,329
Prince Edward Island,PE,Atlantic,142907,2020-05-16,0,0,0,0
Yukon,YT,North,35874,2020-05-16,0,0,0,5
Northwest Territories,NT,North,41786,2020-05-16,0,0,0,10
Nunavut,NU,North,35944,2020-05-16,0,0,0,0
British Columbia,BC,West Coast,4648055,2020-05-17,0,0,0,1140
Alberta,AB,Prairies,4067175,2020-05-17,57,1,76,3211
Saskatchewan,SK,Prairies,1098352,2020-05-17,1,0,11,586
Manitoba,MB,Prairies,1278365,2020-05-17,0,0,0,747
Ontario,ON,Central,13448494,2020-05-17,340,23,340,15687
Quebec,QC,Central,8164361,2020-05-17,737,79,296,8310
Newfoundland and Labrador,NL,Atlantic,519716,2020-05-17,0,0,0,98
New Brunswick,NB,Atlantic,747101,2020-05-17,0,0,0,235
Nova Scotia,NS,Atlantic,923598,2020-05-17,3,0,8,267
Prince Edward Island,PE,Atlantic,142907,2020-05-17,0,0,0,150
Yukon,YT,North,35874,2020-05-17,0,0,0,0
Northwest Territories,NT,North,41786,2020-05-17,0,0,0,14
Nunavut,NU,North,35944,2020-05-17,0,0,0,30
British Columbia,BC,West Coast,4648055,2020-05-18,16,2,34,2052
Alberta,AB,Prairies,4067175,2020-05-18,39,1,66,2928
Saskatchewan,SK,Prairies,1098352,2020-05-18,0,0,11,294
Manitoba,MB,Prairies,1278365,2020-05-18,1,0,0,456
Ontario,ON,Central,13448494,2020-05-18,304,23,278,8856
Quebec,QC,Central,8164361,2020-05-18,707,34,291,7450
Newfoundland and Labrador,NL,Atlantic,519716,2020-05-18,0,0,0,51
New Brunswick,NB,Atlantic,747101,2020-05-18,0,0,0,250
Nova Scotia,NS,Atlantic,923598,2020-05-18,3,0,8,223
Prince Edward Island,PE,Atlantic,142907,2020-05-18,0,0,0,142
Yukon,YT,North,35874,2020-05-18,0,0,0,0
Northwest Territories,NT,North,41786,2020-05-18,0,0,0,14
Nunavut,NU,North,35944,2020-05-18,0,0,0,2
British Columbia,BC,West Coast,4648055,2020-05-19,2,3,9,1746
Alberta,AB,Prairies,4067175,2020-05-19,33,0,65,2046
Saskatchewan,SK,Prairies,1098352,2020-05-19,7,0,15,367
Manitoba,MB,Prairies,1278365,2020-05-19,0,0,0,394
Ontario,ON,Central,13448494,2020-05-19,427,15,260,5623
Quebec,QC,Central,8164361,2020-05-19,570,51,452,5870
Newfoundland and Labrador,NL,Atlantic,519716,2020-05-19,0,0,1,71
New Brunswick,NB,Atlantic,747101,2020-05-19,0,0,0,193
Nova Scotia,NS,Atlantic,923598,2020-05-19,1,1,10,188
Prince Edward Island,PE,Atlantic,142907,2020-05-19,0,0,0,0
Yukon,YT,North,35874,2020-05-19,0,0,0,10
Northwest Territories,NT,North,41786,2020-05-19,0,0,0,11
Nunavut,NU,North,35944,2020-05-19,0,0,0,5
British Columbia,BC,West Coast,4648055,2020-05-20,21,3,26,328
Alberta,AB,Prairies,4067175,2020-05-20,0,0,0,2114
Saskatchewan,SK,Prairies,1098352,2020-05-20,21,0,0,268
Manitoba,MB,Prairies,1278365,2020-05-20,0,0,0,241
Ontario,ON,Central,13448494,2020-05-20,390,43,292,7140
Quebec,QC,Central,8164361,2020-05-20,578,71,325,5582
Newfoundland and Labrador,NL,Atlantic,519716,2020-05-20,0,0,0,97
New Brunswick,NB,Atlantic,747101,2020-05-20,0,0,0,292
Nova Scotia,NS,Atlantic,923598,2020-05-20,1,1,0,338
Prince Edward Island,PE,Atlantic,142907,2020-05-20,0,0,0,190
Yukon,YT,North,35874,2020-05-20,0,0,0,7
Northwest Territories,NT,North,41786,2020-05-20,0,0,0,0
Nunavut,NU,North,35944,2020-05-20,0,0,0,11
British Columbia,BC,West Coast,4648055,2020-05-21,12,3,19,1168
Alberta,AB,Prairies,4067175,2020-05-21,52,4,126,2381
Saskatchewan,SK,Prairies,1098352,2020-05-21,2,1,39,400
Manitoba,MB,Prairies,1278365,2020-05-21,0,0,8,590
Ontario,ON,Central,13448494,2020-05-21,413,31,319,10163
Quebec,QC,Central,8164361,2020-05-21,720,82,505,7488
Newfoundland and Labrador,NL,Atlantic,519716,2020-05-21,0,0,3,126
New Brunswick,NB,Atlantic,747101,2020-05-21,1,0,0,359
Nova Scotia,NS,Atlantic,923598,2020-05-21,1,1,3,343
Prince Edward Island,PE,Atlantic,142907,2020-05-21,0,0,0,115
Yukon,YT,North,35874,2020-05-21,0,0,0,1
Northwest Territories,NT,North,41786,2020-05-21,0,0,0,9
Nunavut,NU,North,35944,2020-05-21,0,0,0,9
British Columbia,BC,West Coast,4648055,2020-05-22,28,3,22,1524
Alberta,AB,Prairies,4067175,2020-05-22,32,2,91,3634
Saskatchewan,SK,Prairies,1098352,2020-05-22,5,0,12,340
Manitoba,MB,Prairies,1278365,2020-05-22,2,0,2,867
Ontario,ON,Central,13448494,2020-05-22,441,28,258,10907
Quebec,QC,Central,8164361,2020-05-22,646,65,492,7456
Newfoundland and Labrador,NL,Atlantic,519716,2020-05-22,0,0,0,129
New Brunswick,NB,Atlantic,747101,2020-05-22,0,0,0,205
Nova Scotia,NS,Atlantic,923598,2020-05-22,2,0,2,338
Prince Edward Island,PE,Atlantic,142907,2020-05-22,0,0,0,135
Yukon,YT,North,35874,2020-05-22,0,0,0,3
Northwest Territories,NT,North,41786,2020-05-22,0,0,0,7
Nunavut,NU,North,35944,2020-05-22,0,0,0,8
British Columbia,BC,West Coast,4648055,2020-05-23,10,2,15,1702
Alberta,AB,Prairies,4067175,2020-05-23,18,1,68,3312
Saskatchewan,SK,Prairies,1098352,2020-05-23,3,0,14,487
Manitoba,MB,Prairies,1278365,2020-05-23,0,0,1,435
Ontario,ON,Central,13448494,2020-05-23,412,27,379,10667
Quebec,QC,Central,8164361,2020-05-23,697,75,225,9192
Newfoundland and Labrador,NL,Atlantic,519716,2020-05-23,0,0,1,111
New Brunswick,NB,Atlantic,747101,2020-05-23,0,0,0,254
Nova Scotia,NS,Atlantic,923598,2020-05-23,1,0,8,359
Prince Edward Island,PE,Atlantic,142907,2020-05-23,0,0,0,179
Yukon,YT,North,35874,2020-05-23,0,0,0,0
Northwest Territories,NT,North,41786,2020-05-23,0,0,0,0
Nunavut,NU,North,35944,2020-05-23,0,0,0,5
British Columbia,BC,West Coast,4648055,2020-05-24,0,0,0,1613
Alberta,AB,Prairies,4067175,2020-05-24,42,0,55,3444
Saskatchewan,SK,Prairies,1098352,2020-05-24,2,0,3,366
Manitoba,MB,Prairies,1278365,2020-05-24,0,0,0,878
Ontario,ON,Central,13448494,2020-05-24,460,25,331,11011
Quebec,QC,Central,8164361,2020-05-24,573,44,287,9241
Newfoundland and Labrador,NL,Atlantic,519716,2020-05-24,0,0,0,78
New Brunswick,NB,Atlantic,747101,2020-05-24,0,0,0,201
Nova Scotia,NS,Atlantic,923598,2020-05-24,1,0,4,358
Prince Edward Island,PE,Atlantic,142907,2020-05-24,0,0,0,102
Yukon,YT,North,35874,2020-05-24,0,0,0,0
Northwest Territories,NT,North,41786,2020-05-24,0,0,0,0
Nunavut,NU,North,35944,2020-05-24,0,0,0,9
British Columbia,BC,West Coast,4648055,2020-05-25,13,4,45,1646
Alberta,AB,Prairies,4067175,2020-05-25,19,3,55,2572
Saskatchewan,SK,Prairies,1098352,2020-05-25,2,0,8,379
Manitoba,MB,Prairies,1278365,2020-05-25,0,0,0,169
Ontario,ON,Central,13448494,2020-05-25,404,29,221,7903
Quebec,QC,Central,8164361,2020-05-25,573,85,323,9557
Newfoundland and Labrador,NL,Atlantic,519716,2020-05-25,0,0,0,48
New Brunswick,NB,Atlantic,747101,2020-05-25,0,0,0,268
Nova Scotia,NS,Atlantic,923598,2020-05-25,1,0,1,506
Prince Edward Island,PE,Atlantic,142907,2020-05-25,0,0,0,71
Yukon,YT,North,35874,2020-05-25,0,0,0,9
Northwest Territories,NT,North,41786,2020-05-25,0,0,0,49
Nunavut,NU,North,35944,2020-05-25,0,0,0,3
British Columbia,BC,West Coast,4648055,2020-05-26,11,0,20,464
Alberta,AB,Prairies,4067175,2020-05-26,22,1,69,2433
Saskatchewan,SK,Prairies,1098352,2020-05-26,0,1,3,205
Manitoba,MB,Prairies,1278365,2020-05-26,0,0,1,703
Ontario,ON,Central,13448494,2020-05-26,287,21,260,9552
Quebec,QC,Central,8164361,2020-05-26,614,70,345,6157
Newfoundland and Labrador,NL,Atlantic,519716,2020-05-26,0,0,1,141
New Brunswick,NB,Atlantic,747101,2020-05-26,1,0,0,288
Nova Scotia,NS,Atlantic,923598,2020-05-26,1,1,2,498
Prince Edward Island,PE,Atlantic,142907,2020-05-26,0,0,0,78
Yukon,YT,North,35874,2020-05-26,0,0,0,0
Northwest Territories,NT,North,41786,2020-05-26,0,0,0,0
Nunavut,NU,North,35944,2020-05-26,0,0,0,3
British Columbia,BC,West Coast,4648055,2020-05-27,9,1,22,1493
Alberta,AB,Prairies,4067175,2020-05-27,25,2,58,2598
Saskatchewan,SK,Prairies,1098352,2020-05-27,3,2,10,460
Manitoba,MB,Prairies,1278365,2020-05-27,0,0,2,1015
Ontario,ON,Central,13448494,2020-05-27,292,32,414,14638
Quebec,QC,Central,8164361,2020-05-27,541,89,320,6284
Newfoundland and Labrador,NL,Atlantic,519716,2020-05-27,0,0,0,94
New Brunswick,NB,Atlantic,747101,2020-05-27,1,0,0,324
Nova Scotia,NS,Atlantic,923598,2020-05-27,1,0,0,741
Prince Edward Island,PE,Atlantic,142907,2020-05-27,0,0,0,258
Yukon,YT,North,35874,2020-05-27,0,0,0,5
Northwest Territories,NT,North,41786,2020-05-27,0,0,0,18
Nunavut,NU,North,35944,2020-05-27,0,0,0,13
British Columbia,BC,West Coast,4648055,2020-05-28,8,2,9,1415
Alberta,AB,Prairies,4067175,2020-05-28,29,2,54,2593
Saskatchewan,SK,Prairies,1098352,2020-05-28,2,0,9,636
Manitoba,MB,Prairies,1278365,2020-05-28,2,0,2,919
Ontario,ON,Central,13448494,2020-05-28,383,34,301,17039
Quebec,QC,Central,8164361,2020-05-28,563,74,299,7076
Newfoundland and Labrador,NL,Atlantic,519716,2020-05-28,1,0,0,201
New Brunswick,NB,Atlantic,747101,2020-05-28,3,0,0,336
Nova Scotia,NS,Atlantic,923598,2020-05-28,2,0,2,708
Prince Edward Island,PE,Atlantic,142907,2020-05-28,0,0,0,0
Yukon,YT,North,35874,2020-05-28,0,0,0,4
Northwest Territories,NT,North,41786,2020-05-28,0,0,0,21
Nunavut,NU,North,35944,2020-05-28,0,0,0,15
British Columbia,BC,West Coast,4648055,2020-05-29,4,0,17,1822
Alberta,AB,Prairies,4067175,2020-05-29,24,0,60,3311
Saskatchewan,SK,Prairies,1098352,2020-05-29,2,0,2,509
Manitoba,MB,Prairies,1278365,2020-05-29,0,0,0,869
Ontario,ON,Central,13448494,2020-05-29,344,41,310,17920
Quebec,QC,Central,8164361,2020-05-29,530,61,290,8661
Newfoundland and Labrador,NL,Atlantic,519716,2020-05-29,0,0,0,102
New Brunswick,NB,Atlantic,747101,2020-05-29,2,0,0,528
Nova Scotia,NS,Atlantic,923598,2020-05-29,0,0,1,526
Prince Edward Island,PE,Atlantic,142907,2020-05-29,0,0,0,279
Yukon,YT,North,35874,2020-05-29,0,0,0,13
Northwest Territories,NT,North,41786,2020-05-29,0,0,0,7
Nunavut,NU,North,35944,2020-05-29,0,0,0,8
British Columbia,BC,West Coast,4648055,2020-05-30,11,0,11,1574
Alberta,AB,Prairies,4067175,2020-05-30,13,0,25,3027
Saskatchewan,SK,Prairies,1098352,2020-05-30,4,0,10,560
Manitoba,MB,Prairies,1278365,2020-05-30,0,0,5,0
Ontario,ON,Central,13448494,2020-05-30,323,17,370,19965
Quebec,QC,Central,8164361,2020-05-30,419,76,162,11099
Newfoundland and Labrador,NL,Atlantic,519716,2020-05-30,0,0,0,202
New Brunswick,NB,Atlantic,747101,2020-05-30,1,0,0,649
Nova Scotia,NS,Atlantic,923598,2020-05-30,1,1,0,595
Prince Edward Island,PE,Atlantic,142907,2020-05-30,0,0,0,134
Yukon,YT,North,35874,2020-05-30,0,0,0,0
Northwest Territories,NT,North,41786,2020-05-30,0,0,0,0
Nunavut,NU,North,35944,2020-05-30,0,0,0,23
British Columbia,BC,West Coast,4648055,2020-05-31,0,0,0,1720
Alberta,AB,Prairies,4067175,2020-05-31,18,0,38,2713
Saskatchewan,SK,Prairies,1098352,2020-05-31,1,1,2,610
Manitoba,MB,Prairies,1278365,2020-05-31,1,0,0,0
Ontario,ON,Central,13448494,2020-05-31,326,19,457,16457
Quebec,QC,Central,8164361,2020-05-31,408,202,276,7904
Newfoundland and Labrador,NL,Atlantic,519716,2020-05-31,0,0,0,115
New Brunswick,NB,Atlantic,747101,2020-05-31,3,0,0,1510
Nova Scotia,NS,Atlantic,923598,2020-05-31,0,0,3,383
Prince Edward Island,PE,Atlantic,142907,2020-05-31,0,0,0,136
Yukon,YT,North,35874,2020-05-31,0,0,0,0
Northwest Territories,NT,North,41786,2020-05-31,0,0,0,0
Nunavut,NU,North,35944,2020-05-31,0,0,0,6
British Columbia,BC,West Coast,4648055,2020-06-01,24,1,26,495
Alberta,AB,Prairies,4067175,2020-06-01,34,0,218,2332
Saskatchewan,SK,Prairies,1098352,2020-06-01,0,0,6,373
Manitoba,MB,Prairies,1278365,2020-06-01,0,0,0,2229
Ontario,ON,Central,13448494,2020-06-01,404,10,343,13909
Quebec,QC,Central,8164361,2020-06-01,295,20,251,7983
Newfoundland and Labrador,NL,Atlantic,519716,2020-06-01,0,0,0,65
New Brunswick,NB,Atlantic,747101,2020-06-01,0,0,0,2162
Nova Scotia,NS,Atlantic,923598,2020-06-01,1,0,3,389
Prince Edward Island,PE,Atlantic,142907,2020-06-01,0,0,0,93
Yukon,YT,North,35874,2020-06-01,0,0,0,0
Northwest Territories,NT,North,41786,2020-06-01,0,0,0,51
Nunavut,NU,North,35944,2020-06-01,0,0,0,6
British Columbia,BC,West Coast,4648055,2020-06-02,4,0,22,1630
Alberta,AB,Prairies,4067175,2020-06-02,13,0,36,2730
Saskatchewan,SK,Prairies,1098352,2020-06-02,0,0,14,275
Manitoba,MB,Prairies,1278365,2020-06-02,2,0,0,593
Ontario,ON,Central,13448494,2020-06-02,446,17,331,14746
Quebec,QC,Central,8164361,2020-06-02,239,52,206,5535
Newfoundland and Labrador,NL,Atlantic,519716,2020-06-02,0,0,1,180
New Brunswick,NB,Atlantic,747101,2020-06-02,1,0,0,1998
Nova Scotia,NS,Atlantic,923598,2020-06-02,0,0,8,504
Prince Edward Island,PE,Atlantic,142907,2020-06-02,0,0,0,114
Yukon,YT,North,35874,2020-06-02,0,0,0,16
Northwest Territories,NT,North,41786,2020-06-02,0,0,0,3
Nunavut,NU,North,35944,2020-06-02,0,0,0,8
British Columbia,BC,West Coast,4648055,2020-06-03,22,1,14,1276
Alberta,AB,Prairies,4067175,2020-06-03,19,2,50,4303
Saskatchewan,SK,Prairies,1098352,2020-06-03,1,0,0,440
Manitoba,MB,Prairies,1278365,2020-06-03,1,0,4,728
Ontario,ON,Central,13448494,2020-06-03,338,19,327,16963
Quebec,QC,Central,8164361,2020-06-03,291,81,295,6244
Newfoundland and Labrador,NL,Atlantic,519716,2020-06-03,0,0,0,168
New Brunswick,NB,Atlantic,747101,2020-06-03,2,0,0,950
Nova Scotia,NS,Atlantic,923598,2020-06-03,1,0,1,464
Prince Edward Island,PE,Atlantic,142907,2020-06-03,0,0,0,131
Yukon,YT,North,35874,2020-06-03,0,0,0,0
Northwest Territories,NT,North,41786,2020-06-03,0,0,0,0
Nunavut,NU,North,35944,2020-06-03,0,0,0,9
British Columbia,BC,West Coast,4648055,2020-06-04,9,0,22,1647
Alberta,AB,Prairies,4067175,2020-06-04,15,1,24,3643
Saskatchewan,SK,Prairies,1098352,2020-06-04,1,0,6,664
Manitoba,MB,Prairies,1278365,2020-06-04,0,0,2,905
Ontario,ON,Central,13448494,2020-06-04,356,45,397,20141
Quebec,QC,Central,8164361,2020-06-04,259,91,238,6706
Newfoundland and Labrador,NL,Atlantic,519716,2020-06-04,0,0,0,202
New Brunswick,NB,Atlantic,747101,2020-06-04,1,1,0,493
Nova Scotia,NS,Atlantic,923598,2020-06-04,0,1,2,580
Prince Edward Island,PE,Atlantic,142907,2020-06-04,0,0,0,149
Yukon,YT,North,35874,2020-06-04,0,0,0,9
Northwest Territories,NT,North,41786,2020-06-04,0,0,0,28
Nunavut,NU,North,35944,2020-06-04,0,0,0,13
British Columbia,BC,West Coast,4648055,2020-06-05,0,1,7,1762
Alberta,AB,Prairies,4067175,2020-06-05,7,0,13,5627
Saskatchewan,SK,Prairies,1098352,2020-06-05,1,0,3,587
Manitoba,MB,Prairies,1278365,2020-06-05,2,0,0,635
Ontario,ON,Central,13448494,2020-06-05,344,15,375,21987
Quebec,QC,Central,8164361,2020-06-05,255,50,428,7595
Newfoundland and Labrador,NL,Atlantic,519716,2020-06-05,0,0,0,132
New Brunswick,NB,Atlantic,747101,2020-06-05,0,0,1,375
Nova Scotia,NS,Atlantic,923598,2020-06-05,0,0,2,485
Prince Edward Island,PE,Atlantic,142907,2020-06-05,0,0,0,186
Yukon,YT,North,35874,2020-06-05,0,0,0,0
Northwest Territories,NT,North,41786,2020-06-05,0,0,0,14
Nunavut,NU,North,35944,2020-06-05,0,0,0,7
British Columbia,BC,West Coast,4648055,2020-06-06,0,0,0,1619
Alberta,AB,Prairies,4067175,2020-06-06,40,0,32,4981
Saskatchewan,SK,Prairies,1098352,2020-06-06,1,0,0,495
Manitoba,MB,Prairies,1278365,2020-06-06,0,0,0,0
Ontario,ON,Central,13448494,2020-06-06,455,35,364,22349
Quebec,QC,Central,8164361,2020-06-06,226,35,648,6875
Newfoundland and Labrador,NL,Atlantic,519716,2020-06-06,0,0,0,257
New Brunswick,NB,Atlantic,747101,2020-06-06,0,0,0,438
Nova Scotia,NS,Atlantic,923598,2020-06-06,0,0,2,670
Prince Edward Island,PE,Atlantic,142907,2020-06-06,0,0,0,86
Yukon,YT,North,35874,2020-06-06,0,0,0,0
Northwest Territories,NT,North,41786,2020-06-06,0,0,0,0
Nunavut,NU,North,35944,2020-06-06,0,0,0,9
British Columbia,BC,West Coast,4648055,2020-06-07,0,0,0,1065
Alberta,AB,Prairies,4067175,2020-06-07,0,0,0,0
Saskatchewan,SK,Prairies,1098352,2020-06-07,0,0,12,438
Manitoba,MB,Prairies,1278365,2020-06-07,0,0,0,0
Ontario,ON,Central,13448494,2020-06-07,415,19,305,18741
Quebec,QC,Central,8164361,2020-06-07,225,8,302,7235
Newfoundland and Labrador,NL,Atlantic,519716,2020-06-07,0,0,0,143
New Brunswick,NB,Atlantic,747101,2020-06-07,1,0,0,362
Nova Scotia,NS,Atlantic,923598,2020-06-07,1,0,0,309
Prince Edward Island,PE,Atlantic,142907,2020-06-07,0,0,0,247
Yukon,YT,North,35874,2020-06-07,0,0,0,0
Northwest Territories,NT,North,41786,2020-06-07,0,0,0,0
Nunavut,NU,North,35944,2020-06-07,0,0,0,5
British Columbia,BC,West Coast,4648055,2020-06-08,27,0,37,580
Alberta,AB,Prairies,4067175,2020-06-08,64,3,42,9632
Saskatchewan,SK,Prairies,1098352,2020-06-08,4,2,1,454
Manitoba,MB,Prairies,1278365,2020-06-08,0,0,0,2038
Ontario,ON,Central,13448494,2020-06-08,243,24,240,14855
Quebec,QC,Central,8164361,2020-06-08,198,6,280,4905
Newfoundland and Labrador,NL,Atlantic,519716,2020-06-08,0,0,0,88
New Brunswick,NB,Atlantic,747101,2020-06-08,9,0,0,336
Nova Scotia,NS,Atlantic,923598,2020-06-08,0,0,0,329
Prince Edward Island,PE,Atlantic,142907,2020-06-08,0,0,0,50
Yukon,YT,North,35874,2020-06-08,0,0,0,13
Northwest Territories,NT,North,41786,2020-06-08,0,0,0,33
Nunavut,NU,North,35944,2020-06-08,0,0,0,6
British Columbia,BC,West Coast,4648055,2020-06-09,10,0,10,2087
Alberta,AB,Prairies,4067175,2020-06-09,27,2,24,4304
Saskatchewan,SK,Prairies,1098352,2020-06-09,2,0,0,237
Manitoba,MB,Prairies,1278365,2020-06-09,0,0,1,590
Ontario,ON,Central,13448494,2020-06-09,230,14,337,13067
Quebec,QC,Central,8164361,2020-06-09,138,45,367,3847
Newfoundland and Labrador,NL,Atlantic,519716,2020-06-09,0,0,0,282
New Brunswick,NB,Atlantic,747101,2020-06-09,1,0,0,424
Nova Scotia,NS,Atlantic,923598,2020-06-09,1,1,0,472
Prince Edward Island,PE,Atlantic,142907,2020-06-09,0,0,0,240
Yukon,YT,North,35874,2020-06-09,0,0,0,5
Northwest Territories,NT,North,41786,2020-06-09,0,0,0,9
Nunavut,NU,North,35944,2020-06-09,0,0,0,14
British Columbia,BC,West Coast,4648055,2020-06-10,11,0,9,1547
Alberta,AB,Prairies,4067175,2020-06-10,47,0,32,5589
Saskatchewan,SK,Prairies,1098352,2020-06-10,2,0,0,483
Manitoba,MB,Prairies,1278365,2020-06-10,0,0,0,633
Ontario,ON,Central,13448494,2020-06-10,251,11,551,19289
Quebec,QC,Central,8164361,2020-06-10,156,52,480,4826
Newfoundland and Labrador,NL,Atlantic,519716,2020-06-10,0,0,0,165
New Brunswick,NB,Atlantic,747101,2020-06-10,4,0,0,357
Nova Scotia,NS,Atlantic,923598,2020-06-10,1,0,0,473
Prince Edward Island,PE,Atlantic,142907,2020-06-10,0,0,0,145
Yukon,YT,North,35874,2020-06-10,0,0,0,9
Northwest Territories,NT,North,41786,2020-06-10,0,0,0,8
Nunavut,NU,North,35944,2020-06-10,0,0,0,12
British Columbia,BC,West Coast,4648055,2020-06-11,14,0,16,1318
Alberta,AB,Prairies,4067175,2020-06-11,40,0,34,6232
Saskatchewan,SK,Prairies,1098352,2020-06-11,2,0,2,626
Manitoba,MB,Prairies,1278365,2020-06-11,0,0,1,734
Ontario,ON,Central,13448494,2020-06-11,203,12,505,23545
Quebec,QC,Central,8164361,2020-06-11,144,24,458,5506
Newfoundland and Labrador,NL,Atlantic,519716,2020-06-11,0,0,0,201
New Brunswick,NB,Atlantic,747101,2020-06-11,2,0,2,366
Nova Scotia,NS,Atlantic,923598,2020-06-11,0,0,1,449
Prince Edward Island,PE,Atlantic,142907,2020-06-11,0,0,0,231
Yukon,YT,North,35874,2020-06-11,0,0,0,4
Northwest Territories,NT,North,41786,2020-06-11,0,0,0,19
Nunavut,NU,North,35944,2020-06-11,0,0,0,10
British Columbia,BC,West Coast,4648055,2020-06-12,15,1,10,1631
Alberta,AB,Prairies,4067175,2020-06-12,30,0,23,6541
Saskatchewan,SK,Prairies,1098352,2020-06-12,3,0,1,548
Manitoba,MB,Prairies,1278365,2020-06-12,1,0,3,739
Ontario,ON,Central,13448494,2020-06-12,182,11,302,27408
Quebec,QC,Central,8164361,2020-06-12,181,43,524,5396
Newfoundland and Labrador,NL,Atlantic,519716,2020-06-12,0,0,0,165
New Brunswick,NB,Atlantic,747101,2020-06-12,1,0,2,399
Nova Scotia,NS,Atlantic,923598,2020-06-12,0,0,0,613
Prince Edward Island,PE,Atlantic,142907,2020-06-12,0,0,0,131
Yukon,YT,North,35874,2020-06-12,0,0,0,3
Northwest Territories,NT,North,41786,2020-06-12,0,0,0,11
Nunavut,NU,North,35944,2020-06-12,0,0,0,15
British Columbia,BC,West Coast,4648055,2020-06-13,0,0,0,1680
Alberta,AB,Prairies,4067175,2020-06-13,37,1,19,5779
Saskatchewan,SK,Prairies,1098352,2020-06-13,1,0,1,508
Manitoba,MB,Prairies,1278365,2020-06-13,2,0,0,646
Ontario,ON,Central,13448494,2020-06-13,266,9,351,26559
Quebec,QC,Central,8164361,2020-06-13,158,47,458,5416
Newfoundland and Labrador,NL,Atlantic,519716,2020-06-13,0,0,0,183
New Brunswick,NB,Atlantic,747101,2020-06-13,3,1,1,432
Nova Scotia,NS,Atlantic,923598,2020-06-13,0,0,1,620
Prince Edward Island,PE,Atlantic,142907,2020-06-13,0,0,0,0
Yukon,YT,North,35874,2020-06-13,0,0,0,0
Northwest Territories,NT,North,41786,2020-06-13,0,0,0,0
Nunavut,NU,North,35944,2020-06-13,0,0,0,5
British Columbia,BC,West Coast,4648055,2020-06-14,0,0,0,1703
Alberta,AB,Prairies,4067175,2020-06-14,50,0,31,6804
Saskatchewan,SK,Prairies,1098352,2020-06-14,1,0,0,431
Manitoba,MB,Prairies,1278365,2020-06-14,1,0,0,602
Ontario,ON,Central,13448494,2020-06-14,197,12,423,22516
Quebec,QC,Central,8164361,2020-06-14,128,27,461,6005
Newfoundland and Labrador,NL,Atlantic,519716,2020-06-14,0,0,0,173
New Brunswick,NB,Atlantic,747101,2020-06-14,0,0,3,195
Nova Scotia,NS,Atlantic,923598,2020-06-14,0,0,0,422
Prince Edward Island,PE,Atlantic,142907,2020-06-14,0,0,0,0
Yukon,YT,North,35874,2020-06-14,0,0,0,0
Northwest Territories,NT,North,41786,2020-06-14,0,0,0,0
Nunavut,NU,North,35944,2020-06-14,0,0,0,1
British Columbia,BC,West Coast,4648055,2020-06-15,36,0,41,191
Alberta,AB,Prairies,4067175,2020-06-15,20,1,1,2975
Saskatchewan,SK,Prairies,1098352,2020-06-15,18,0,1,488
Manitoba,MB,Prairies,1278365,2020-06-15,0,0,3,692
Ontario,ON,Central,13448494,2020-06-15,181,8,252,21040
Quebec,QC,Central,8164361,2020-06-15,102,20,471,4106
Newfoundland and Labrador,NL,Atlantic,519716,2020-06-15,0,0,1,102
New Brunswick,NB,Atlantic,747101,2020-06-15,3,0,0,307
Nova Scotia,NS,Atlantic,923598,2020-06-15,0,0,0,247
Prince Edward Island,PE,Atlantic,142907,2020-06-15,0,0,0,509
Yukon,YT,North,35874,2020-06-15,0,0,0,0
Northwest Territories,NT,North,41786,2020-06-15,0,0,0,38
Nunavut,NU,North,35944,2020-06-15,0,0,0,5
British Columbia,BC,West Coast,4648055,2020-06-16,11,0,21,1719
Alberta,AB,Prairies,4067175,2020-06-16,29,0,20,5464
Saskatchewan,SK,Prairies,1098352,2020-06-16,1,0,2,397
Manitoba,MB,Prairies,1278365,2020-06-16,0,0,0,518
Ontario,ON,Central,13448494,2020-06-16,184,11,218,21014
Quebec,QC,Central,8164361,2020-06-16,92,27,137,3266
Newfoundland and Labrador,NL,Atlantic,519716,2020-06-16,0,0,0,208
New Brunswick,NB,Atlantic,747101,2020-06-16,3,0,2,249
Nova Scotia,NS,Atlantic,923598,2020-06-16,0,0,1,203
Prince Edward Island,PE,Atlantic,142907,2020-06-16,0,0,0,166
Yukon,YT,North,35874,2020-06-16,0,0,0,8
Northwest Territories,NT,North,41786,2020-06-16,0,0,0,10
Nunavut,NU,North,35944,2020-06-16,0,0,0,32
British Columbia,BC,West Coast,4648055,2020-06-17,19,0,6,1469
Alberta,AB,Prairies,4067175,2020-06-17,48,0,11,5925
Saskatchewan,SK,Prairies,1098352,2020-06-17,9,0,2,399
Manitoba,MB,Prairies,1278365,2020-06-17,2,0,1,344
Ontario,ON,Central,13448494,2020-06-17,190,12,353,23413
Quebec,QC,Central,8164361,2020-06-17,117,29,199,4888
Newfoundland and Labrador,NL,Atlantic,519716,2020-06-17,0,0,0,189
New Brunswick,NB,Atlantic,747101,2020-06-17,1,0,2,482
Nova Scotia,NS,Atlantic,923598,2020-06-17,0,0,0,377
Prince Edward Island,PE,Atlantic,142907,2020-06-17,0,0,0,247
Yukon,YT,North,35874,2020-06-17,0,0,0,2
Northwest Territories,NT,North,41786,2020-06-17,0,0,0,2
Nunavut,NU,North,35944,2020-06-17,0,0,0,14
British Columbia,BC,West Coast,4648055,2020-06-18,8,0,3,1788
Alberta,AB,Prairies,4067175,2020-06-18,49,1,45,6688
Saskatchewan,SK,Prairies,1098352,2020-06-18,15,0,3,517
Manitoba,MB,Prairies,1278365,2020-06-18,2,0,0,638
Ontario,ON,Central,13448494,2020-06-18,173,3,220,24452
Quebec,QC,Central,8164361,2020-06-18,120,42,205,5685
Newfoundland and Labrador,NL,Atlantic,519716,2020-06-18,0,0,1,212
New Brunswick,NB,Atlantic,747101,2020-06-18,0,0,2,363
Nova Scotia,NS,Atlantic,923598,2020-06-18,0,0,0,465
Prince Edward Island,PE,Atlantic,142907,2020-06-18,0,0,0,123
Yukon,YT,North,35874,2020-06-18,0,0,0,5
Northwest Territories,NT,North,41786,2020-06-18,0,0,0,4
Nunavut,NU,North,35944,2020-06-18,0,0,0,19
British Columbia,BC,West Coast,4648055,2020-06-19,7,0,19,1429
Alberta,AB,Prairies,4067175,2020-06-19,46,0,23,7802
Saskatchewan,SK,Prairies,1098352,2020-06-19,8,0,0,634
Manitoba,MB,Prairies,1278365,2020-06-19,3,0,0,559
Ontario,ON,Central,13448494,2020-06-19,178,11,246,26334
Quebec,QC,Central,8164361,2020-06-19,167,35,218,6347
Newfoundland and Labrador,NL,Atlantic,519716,2020-06-19,0,0,0,236
New Brunswick,NB,Atlantic,747101,2020-06-19,0,0,0,264
Nova Scotia,NS,Atlantic,923598,2020-06-19,0,0,1,300
Prince Edward Island,PE,Atlantic,142907,2020-06-19,0,0,0,204
Yukon,YT,North,35874,2020-06-19,0,0,0,0
Northwest Territories,NT,North,41786,2020-06-19,0,0,0,8
Nunavut,NU,North,35944,2020-06-19,0,0,0,6
British Columbia,BC,West Coast,4648055,2020-06-20,0,0,0,1697
Alberta,AB,Prairies,4067175,2020-06-20,48,0,35,6399
Saskatchewan,SK,Prairies,1098352,2020-06-20,10,0,3,520
Manitoba,MB,Prairies,1278365,2020-06-20,2,0,0,746
Ontario,ON,Central,13448494,2020-06-20,206,31,218,26492
Quebec,QC,Central,8164361,2020-06-20,124,33,229,6187
Newfoundland and Labrador,NL,Atlantic,519716,2020-06-20,0,0,0,161
New Brunswick,NB,Atlantic,747101,2020-06-20,0,0,0,565
Nova Scotia,NS,Atlantic,923598,2020-06-20,0,0,0,285
Prince Edward Island,PE,Atlantic,142907,2020-06-20,0,0,0,157
Yukon,YT,North,35874,2020-06-20,0,0,0,0
Northwest Territories,NT,North,41786,2020-06-20,0,0,0,0
Nunavut,NU,North,35944,2020-06-20,0,0,0,9
British Columbia,BC,West Coast,4648055,2020-06-21,0,0,0,942
Alberta,AB,Prairies,4067175,2020-06-21,31,0,22,6787
Saskatchewan,SK,Prairies,1098352,2020-06-21,20,0,4,683
Manitoba,MB,Prairies,1278365,2020-06-21,0,0,0,700
Ontario,ON,Central,13448494,2020-06-21,175,11,251,22642
Quebec,QC,Central,8164361,2020-06-21,92,9,121,0
Newfoundland and Labrador,NL,Atlantic,519716,2020-06-21,0,0,0,260
New Brunswick,NB,Atlantic,747101,2020-06-21,0,0,0,191
Nova Scotia,NS,Atlantic,923598,2020-06-21,0,0,0,286
Prince Edward Island,PE,Atlantic,142907,2020-06-21,0,0,0,163
Yukon,YT,North,35874,2020-06-21,0,0,0,0
Northwest Territories,NT,North,41786,2020-06-21,0,0,0,0
Nunavut,NU,North,35944,2020-06-21,0,0,0,6
British Columbia,BC,West Coast,4648055,2020-06-22,32,1,27,398
Alberta,AB,Prairies,4067175,2020-06-22,32,1,23,5670
Saskatchewan,SK,Prairies,1098352,2020-06-22,5,0,0,587
Manitoba,MB,Prairies,1278365,2020-06-22,1,0,0,302
Ontario,ON,Central,13448494,2020-06-22,161,3,214,21184
Quebec,QC,Central,8164361,2020-06-22,69,0,184,0
Newfoundland and Labrador,NL,Atlantic,519716,2020-06-22,0,0,0,144
New Brunswick,NB,Atlantic,747101,2020-06-22,0,0,0,159
Nova Scotia,NS,Atlantic,923598,2020-06-22,0,1,0,131
Prince Edward Island,PE,Atlantic,142907,2020-06-22,0,0,0,99
Yukon,YT,North,35874,2020-06-22,0,0,0,0
Northwest Territories,NT,North,41786,2020-06-22,0,0,0,0
Nunavut,NU,North,35944,2020-06-22,0,0,0,3
British Columbia,BC,West Coast,4648055,2020-06-23,13,1,20,2622
Alberta,AB,Prairies,4067175,2020-06-23,45,0,55,5517
Saskatchewan,SK,Prairies,1098352,2020-06-23,2,0,0,363
Manitoba,MB,Prairies,1278365,2020-06-23,0,0,0,635
Ontario,ON,Central,13448494,2020-06-23,216,10,174,15660
Quebec,QC,Central,8164361,2020-06-23,49,7,114,13112
Newfoundland and Labrador,NL,Atlantic,519716,2020-06-23,0,0,0,244
New Brunswick,NB,Atlantic,747101,2020-06-23,1,0,8,180
Nova Scotia,NS,Atlantic,923598,2020-06-23,0,0,0,289
Prince Edward Island,PE,Atlantic,142907,2020-06-23,0,0,0,117
Yukon,YT,North,35874,2020-06-23,0,0,0,9
Northwest Territories,NT,North,41786,2020-06-23,0,0,0,0
Nunavut,NU,North,35944,2020-06-23,0,0,0,3
British Columbia,BC,West Coast,4648055,2020-06-24,14,1,25,1149
Alberta,AB,Prairies,4067175,2020-06-24,44,0,38,5560
Saskatchewan,SK,Prairies,1098352,2020-06-24,4,0,1,502
Manitoba,MB,Prairies,1278365,2020-06-24,1,0,0,574
Ontario,ON,Central,13448494,2020-06-24,163,12,229,22448
Quebec,QC,Central,8164361,2020-06-24,53,17,90,4533
Newfoundland and Labrador,NL,Atlantic,519716,2020-06-24,0,0,0,222
New Brunswick,NB,Atlantic,747101,2020-06-24,0,0,4,265
Nova Scotia,NS,Atlantic,923598,2020-06-24,0,0,0,287
Prince Edward Island,PE,Atlantic,142907,2020-06-24,0,0,0,151
Yukon,YT,North,35874,2020-06-24,0,0,0,6
Northwest Territories,NT,North,41786,2020-06-24,0,0,0,76
Nunavut,NU,North,35944,2020-06-24,0,0,0,8
British Columbia,BC,West Coast,4648055,2020-06-25,20,2,1,1522
Alberta,AB,Prairies,4067175,2020-06-25,26,1,57,5236
Saskatchewan,SK,Prairies,1098352,2020-06-25,2,0,5,485
Manitoba,MB,Prairies,1278365,2020-06-25,1,0,1,391
Ontario,ON,Central,13448494,2020-06-25,189,10,192,26611
Quebec,QC,Central,8164361,2020-06-25,142,7,76,4481
Newfoundland and Labrador,NL,Atlantic,519716,2020-06-25,0,0,0,285
New Brunswick,NB,Atlantic,747101,2020-06-25,0,0,2,222
Nova Scotia,NS,Atlantic,923598,2020-06-25,0,0,0,449
Prince Edward Island,PE,Atlantic,142907,2020-06-25,0,0,0,0
Yukon,YT,North,35874,2020-06-25,0,0,0,1
Northwest Territories,NT,North,41786,2020-06-25,0,0,0,12
Nunavut,NU,North,35944,2020-06-25,0,0,0,18
British Columbia,BC,West Coast,4648055,2020-06-26,9,1,28,1886
Alberta,AB,Prairies,4067175,2020-06-26,37,0,34,5502
Saskatchewan,SK,Prairies,1098352,2020-06-26,13,0,6,530
Manitoba,MB,Prairies,1278365,2020-06-26,2,0,6,1023
Ontario,ON,Central,13448494,2020-06-26,111,3,226,29774
Quebec,QC,Central,8164361,2020-06-26,0,0,0,0
Newfoundland and Labrador,NL,Atlantic,519716,2020-06-26,0,0,0,183
New Brunswick,NB,Atlantic,747101,2020-06-26,0,0,1,272
Nova Scotia,NS,Atlantic,923598,2020-06-26,0,0,0,287
Prince Edward Island,PE,Atlantic,142907,2020-06-26,0,0,0,405
Yukon,YT,North,35874,2020-06-26,0,0,0,6
Northwest Territories,NT,North,41786,2020-06-26,0,0,0,0
Nunavut,NU,North,35944,2020-06-26,0,0,0,12
British Columbia,BC,West Coast,4648055,2020-06-27,0,0,0,1818
Alberta,AB,Prairies,4067175,2020-06-27,69,0,58,5192
Saskatchewan,SK,Prairies,1098352,2020-06-27,5,0,7,828
Manitoba,MB,Prairies,1278365,2020-06-27,4,0,0,714
Ontario,ON,Central,13448494,2020-06-27,160,8,178,32397
Quebec,QC,Central,8164361,2020-06-27,0,0,0,0
Newfoundland and Labrador,NL,Atlantic,519716,2020-06-27,0,0,0,127
New Brunswick,NB,Atlantic,747101,2020-06-27,0,0,4,241
Nova Scotia,NS,Atlantic,923598,2020-06-27,0,0,0,258
Prince Edward Island,PE,Atlantic,142907,2020-06-27,0,0,0,469
Yukon,YT,North,35874,2020-06-27,0,0,0,0
Northwest Territories,NT,North,41786,2020-06-27,0,0,0,14
Nunavut,NU,North,35944,2020-06-27,0,0,0,14
British Columbia,BC,West Coast,4648055,2020-06-28,0,0,0,913
Alberta,AB,Prairies,4067175,2020-06-28,39,0,39,5391
Saskatchewan,SK,Prairies,1098352,2020-06-28,1,0,0,516
Manitoba,MB,Prairies,1278365,2020-06-28,0,0,0,958
Ontario,ON,Central,13448494,2020-06-28,178,6,175,27696
Quebec,QC,Central,8164361,2020-06-28,0,0,0,0
Newfoundland and Labrador,NL,Atlantic,519716,2020-06-28,0,0,0,241
New Brunswick,NB,Atlantic,747101,2020-06-28,0,0,4,205
Nova Scotia,NS,Atlantic,923598,2020-06-28,0,0,0,245
Prince Edward Island,PE,Atlantic,142907,2020-06-28,0,0,0,220
Yukon,YT,North,35874,2020-06-28,0,0,0,0
Northwest Territories,NT,North,41786,2020-06-28,0,0,0,0
Nunavut,NU,North,35944,2020-06-28,0,0,0,5
British Columbia,BC,West Coast,4648055,2020-06-29,26,0,32,261
Alberta,AB,Prairies,4067175,2020-06-29,71,0,32,5667
Saskatchewan,SK,Prairies,1098352,2020-06-29,1,0,18,550
Manitoba,MB,Prairies,1278365,2020-06-29,2,0,0,437
Ontario,ON,Central,13448494,2020-06-29,257,7,89,26240
Quebec,QC,Central,8164361,2020-06-29,311,37,816,11230
Newfoundland and Labrador,NL,Atlantic,519716,2020-06-29,0,0,0,143
New Brunswick,NB,Atlantic,747101,2020-06-29,0,0,0,167
Nova Scotia,NS,Atlantic,923598,2020-06-29,0,0,0,207
Prince Edward Island,PE,Atlantic,142907,2020-06-29,0,0,0,41
Yukon,YT,North,35874,2020-06-29,0,0,0,11
Northwest Territories,NT,North,41786,2020-06-29,0,0,0,23
Nunavut,NU,North,35944,2020-06-29,0,0,0,3
British Columbia,BC,West Coast,4648055,2020-06-30,12,0,13,2491
Alberta,AB,Prairies,4067175,2020-06-30,41,0,53,6026
Saskatchewan,SK,Prairies,1098352,2020-06-30,6,0,5,328
Manitoba,MB,Prairies,1278365,2020-06-30,1,0,0,301
Ontario,ON,Central,13448494,2020-06-30,157,7,148,22982
Quebec,QC,Central,8164361,2020-06-30,68,18,196,15606
Newfoundland and Labrador,NL,Atlantic,519716,2020-06-30,0,0,0,141
New Brunswick,NB,Atlantic,747101,2020-06-30,0,0,1,175
Nova Scotia,NS,Atlantic,923598,2020-06-30,1,0,0,282
Prince Edward Island,PE,Atlantic,142907,2020-06-30,0,0,0,107
Yukon,YT,North,35874,2020-06-30,0,0,0,6
Northwest Territories,NT,North,41786,2020-06-30,0,0,0,5
Nunavut,NU,North,35944,2020-06-30,0,0,0,18
